pricePerUnit;brand;productType;identificationID;dimensions;title;quantityAvailable;mainImage;technicalSheetURL
25.2;Interface;Réemploi;GIZ2202010;50x50;Composure Diffuse;90;//cf.appdrag.com/optimal-karpet-21fc7a/uploads/interface-composure-diffuse-logo-mH5z.jpeg;//cf.appdrag.com/optimal-karpet-21fc7a/CloudBackend/files/d94f9e38-eb58-47ae-8c71-4ba5d6e8b17f.pdf
16.8;Interface;Réemploi;GIZ2111008;50x50;Heuga 727 Dark Orchid;89;//cf.appdrag.com/optimal-karpet-21fc7a/uploads/interface-heuga-727-dark-orchid-optimal-karpet-GVKg.jpg;//cf.appdrag.com/optimal-karpet-21fc7a/CloudBackend/files/a027ee38-f249-4e3e-8c5e-97bfb83baf31.pdf
16.8;Interface;Réemploi;GIZ2111013;50x50;Heuga 727 Silver;58;//cf.appdrag.com/optimal-karpet-21fc7a/uploads/interface-heuga-727-silver-optimal-karpet-hdnR.jpg;//cf.appdrag.com/optimal-karpet-21fc7a/CloudBackend/files/bcf1434f-52da-4867-8522-51a0a9141863.pdf
28;Interface;Réemploi;GIZ2112001;25x100;On Line Cloud;49;//cf.appdrag.com/optimal-karpet-21fc7a/uploads/interface-ON-LINE-CLOUD-qv3l.jpeg;//cf.appdrag.com/optimal-karpet-21fc7a/CloudBackend/files/cd26794a-2f10-497f-8ba3-256f51b37c46.pdf
28;Interface;Réemploi;GIZ2112002;25x100;On Line Granite;79;//cf.appdrag.com/optimal-karpet-21fc7a/uploads/interface-ON-LINE-GRANITE-detail-t0GG.jpeg;//cf.appdrag.com/optimal-karpet-21fc7a/CloudBackend/files/c57b9947-4752-4d6a-812c-826da517b354.pdf
16.8;Interface;Réemploi;GIZ2203004;50x50;SYNCOPATION II Upbeat;152;//cf.appdrag.com/optimal-karpet-21fc7a/uploads/interface-syncopation-II-upbeat-EgmA.jpg;//cf.appdrag.com/optimal-karpet-21fc7a/CloudBackend/files/030c4c2a-4ee2-4120-b665-d6b6deb83f98.pdf
25.2;Balsan;Réemploi;GIZ2111002;50x50;Stoneage 160;68;//cf.appdrag.com/optimal-karpet-21fc7a/uploads/balsan-stoneage-160-optimal-karpet-GilQ.jpg;//cf.appdrag.com/optimal-karpet-21fc7a/CloudBackend/files/f0fac4a3-e8ab-4db5-9626-bf50317fcd6d.pdf
23.8;Milliken;Réemploi;GIZ2204002;45.7x45.7;Straight Talk Creme Brulee;191;//cf.appdrag.com/optimal-karpet-21fc7a/uploads/milliken-straight-talk-creme-brullee-optimal-karpet-aAzP.jpeg;//cf.appdrag.com/optimal-karpet-21fc7a/CloudBackend/files/2112ad96-7657-4696-9f09-25e197a8f014.pdf
10.5;Balsan;Réemploi;GIZ2202003;50x50;Karma Sonic Confort 910;44;//cf.appdrag.com/optimal-karpet-21fc7a/uploads/balsan-KARMA-SONIC-CONFORT-AVEC-LOGO-KpHk.jpeg;//cf.appdrag.com/optimal-karpet-21fc7a/CloudBackend/files/c5956783-2fe3-456e-9882-4866b27dd9cb.pdf
25.2;Balsan;Réemploi;GIZ2206005;50x50;Stoneage 915;29;//cf.appdrag.com/optimal-karpet-21fc7a/uploads/BLASAN-STONE-AGE-GRIS-915-LOGO-f1Ok.jpg;//cf.appdrag.com/optimal-karpet-21fc7a/CloudBackend/files/0d7327bd-4398-4ca7-aed9-1d281982652f.pdf
25.2;Balsan;Réemploi;GIZ2206004;50x50;Stoneage 730;44;//cf.appdrag.com/optimal-karpet-21fc7a/uploads/BALSAN-STONE-AGE-MARRON-730-LOGO-BNLn.jpg;//cf.appdrag.com/optimal-karpet-21fc7a/CloudBackend/files/0f4e22a1-2c9b-47d5-9e70-c511adcaf140.pdf
15.4;Desso;Réemploi;GIZ2201001;50x50;Flow 9013;213;//cf.appdrag.com/optimal-karpet-21fc7a/uploads/DESSO-MARRON-CYCLE-UP-avec-logo-1fzG.jpg;//cf.appdrag.com/optimal-karpet-21fc7a/CloudBackend/files/Flow 9013 SoundMaster-84QF.pdf
23.1;Interface;Réemploi;GIZ2209002;25x100;Progression II Daylight 9082001;43;//cf.appdrag.com/optimal-karpet-21fc7a/uploads/INTERFACE-PROGRESSION-II-DAYLIGHT-9082001-LOGO-vBKv.jpeg;//cf.appdrag.com/optimal-karpet-21fc7a/CloudBackend/files/09104cdf-d99f-423b-aec5-67d34f3c942e.pdf
11.2;Desso;Réemploi;GIZ2209004;50x50;Protect 9990;315;//cf.appdrag.com/optimal-karpet-21fc7a/uploads/DESSO-PROTECT-GIZ2209004-logo--HOSY.jpeg;//cf.appdrag.com/optimal-karpet-21fc7a/CloudBackend/files/799d7d4f-31c4-4231-a59a-b0087b465991.pdf
18.2;Desso;Réemploi;GIZ2201002;50x50;Flow 9027;59;//cf.appdrag.com/optimal-karpet-21fc7a/uploads/DESSO-CYCLE-UP-GRIS-CLAIR-AVEC-LOGO-KEZ3.jpeg;//cf.appdrag.com/optimal-karpet-21fc7a/CloudBackend/files/2a7a80e5-5650-4366-815b-ae9343b56cc5.pdf
25.2;Milliken;Réemploi;GIZ2209010;50x50;Consequence 2.0 UPS144 152L;111;//cf.appdrag.com/optimal-karpet-21fc7a/uploads/MIL-CONSEQUENCE-2-3XEx.jpeg;//cf.appdrag.com/optimal-karpet-21fc7a/CloudBackend/files/dd5be5f4-3eae-4d76-8f95-08e662914ac3.pdf
15.4;Interface;Réemploi;GIZ2210001;50x50;Transformation 345504 Désert;124;//cf.appdrag.com/optimal-karpet-21fc7a/uploads/TRANSFORAMTION-MOHAMED-GIZ2210001-logo-SAx2.jpeg;//cf.appdrag.com/optimal-karpet-21fc7a/CloudBackend/files/c7d284dd-fbcd-4d5f-a89a-f4b4aacd6a1d.pdf
15.4;Interface;Réemploi;GIZ2210006;50x50;Transformation 345520 Moorland;236;//cf.appdrag.com/optimal-karpet-21fc7a/uploads/TRANSFORMATION-GIZ2210006-logo-ZqVG.jpeg;//cf.appdrag.com/optimal-karpet-21fc7a/CloudBackend/files/462f8edb-2d21-444e-8370-6f62919b27ec.pdf
11.2;Balsan;Réemploi;GIZ2208007;50x50;Pilote;179;//cf.appdrag.com/optimal-karpet-21fc7a/uploads/PILOTE-GRISNOIR-GIZ2208007-avec-logo-RTvs.jpeg;
18.2;Desso;Réemploi;GIZ2208001;50x50;Natural Nuances AA16 9510;44;//cf.appdrag.com/optimal-karpet-21fc7a/uploads/DESSO-KORUS-MONTPELLIER-GIZ-2208001-logo-Wmcx.jpg;//cf.appdrag.com/optimal-karpet-21fc7a/CloudBackend/files/72ad71bb-ec06-410e-a4ea-9310822fc842.pdf
19.6;Desso;Réemploi;GIZ2203005;50x50;Scape B879 9097;412;//cf.appdrag.com/optimal-karpet-21fc7a/uploads/optimalkarpet/DESSO-SCAPE-B8799097-optimal-karpet-GP2t.jpeg;//cf.appdrag.com/optimal-karpet-21fc7a/CloudBackend/files/744abf12-796c-490f-b42d-bcfcb9c97dad.pdf
25.2;Interface;Réemploi;GIZ2210004;50x50;Composure Harbour;117;//cf.appdrag.com/optimal-karpet-21fc7a/uploads/composure-harbour-vert-GIZ2210004-LOGO-wbBD.jpeg;//cf.appdrag.com/optimal-karpet-21fc7a/CloudBackend/files/925d3bce-5ed1-4f1e-b81c-559fbe2df540.pdf
15.4;Interface;Réemploi;GIZ2210010;50x50;Equilibrium 1190031 Uniformity;190;//cf.appdrag.com/optimal-karpet-21fc7a/uploads/Int-euqilibrium-uniformity-GIZ2210010-carton-logo-x8Li.jpeg;//cf.appdrag.com/optimal-karpet-21fc7a/CloudBackend/files/0138fc3c-e95e-41e2-9cef-a9f980321833.pdf
22.4;Modulyss;Réemploi;GIZ2211009;50x50;Fluid& 604;47;//cf.appdrag.com/optimal-karpet-21fc7a/uploads/MODULYSS-FLUID-2211009-LOGO-RcMb.jpeg;//cf.appdrag.com/optimal-karpet-21fc7a/CloudBackend/files/ac891e66-9fc5-4379-9459-9da22905256f.pdf
19.6;Interface;Réemploi;GIZ2111016;50x50;Polichrome Solid Grenadine;34;//cf.appdrag.com/optimal-karpet-21fc7a/uploads/interface-polichrome-grenadine-logo-Ef51.jpg;//cf.appdrag.com/optimal-karpet-21fc7a/CloudBackend/files/8dbe07e2-46e8-42ea-b11c-8d241803dcfd.pdf
23.1;Interface;Réemploi;GIZ2212009;50x50;Composure Edge;130;//cf.appdrag.com/optimal-karpet-21fc7a/uploads/2212009-COMPOSURE-LOGO-HAQc.jpeg;//cf.appdrag.com/optimal-karpet-21fc7a/CloudBackend/files/d5ab2d6a-6da7-46c3-99a7-6b8d2ddc8312.pdf
25.2;Interface;Réemploi;GIZ2210003;50x50;Composure Diffuse;66;//cf.appdrag.com/optimal-karpet-21fc7a/uploads/interface-composure-diffuse-logo-mH5z.jpeg;//cf.appdrag.com/optimal-karpet-21fc7a/CloudBackend/files/a2f044a9-df1b-4439-a7d4-21484d2b3ca5.pdf
23.1;Milliken;Réemploi;GIZ2202005;45.7x45.7;Formwork FWK169 Sash;31;//cf.appdrag.com/optimal-karpet-21fc7a/uploads/milliken-formwork-sash-optimal-karpet-fqWL.jpeg;//cf.appdrag.com/optimal-karpet-21fc7a/CloudBackend/files/4f37d6e7-088c-4b7f-b4ac-e9f7ae69450c.pdf
16.8;Milliken;Réemploi;GIZ2212014;50x50;Formwork FWK120 Foundation;99;//cf.appdrag.com/optimal-karpet-21fc7a/uploads/2212014-MILLIKEN-FORWORK-LOGO-IGe7.jpeg;//cf.appdrag.com/optimal-karpet-21fc7a/CloudBackend/files/cb96841c-8177-4eef-89f3-3231bc1395e6.pdf
22.4;Milliken;Réemploi;GIZ2210012;50x50;Artistic Liberties Saten;44;//cf.appdrag.com/optimal-karpet-21fc7a/uploads/GIZ2210012-MIL-ARTISTIC-LIBERTIES-SATEEN--LOGO-Tvqk.jpeg;//cf.appdrag.com/optimal-karpet-21fc7a/CloudBackend/files/99858f13-57a5-4f73-9cc2-922d86a91330.pdf
21;Desso;Réemploi;GIZ2210013;50x50;Jeans Original AA27 8904;14;//cf.appdrag.com/optimal-karpet-21fc7a/uploads/GIZ2210013--DESSO-JENS-ORIGINAl-LOGO-q6Uk.jpeg;//cf.appdrag.com/optimal-karpet-21fc7a/CloudBackend/files/914fb9b8-c56b-4e34-bad7-5c33d8bf5f3f.pdf
11.2;Tecsom;Réemploi;GIZ2211005;50x50;Marron;65;//cf.appdrag.com/optimal-karpet-21fc7a/uploads/2211005-TECSOM-MARRON-LOGO-8uxg.jpeg;
25.2;Shaw contract;Réemploi;GIZ2301004;25x100;5T253 53518 Pewter;200;//cf.appdrag.com/optimal-karpet-21fc7a/uploads/53518-Pewter-CUe5.jpg;//cf.appdrag.com/optimal-karpet-21fc7a/CloudBackend/files/095cfeb3-7e98-4713-82eb-ee11cf21b919.pdf
25.2;Shaw contract;Réemploi;GIZ2301006;25x100;5T253 53549 Graphite;55;//cf.appdrag.com/optimal-karpet-21fc7a/uploads/53549-Graphite-c2WO.jpg;//cf.appdrag.com/optimal-karpet-21fc7a/CloudBackend/files/5a66aee8-dcde-46ec-b6dd-e814b19e4ca9.pdf
11.2;Desso;Réemploi;GIZ2211004;50x50;Palatino 4107;92;//cf.appdrag.com/optimal-karpet-21fc7a/uploads/DESSO-PALATINO-GIZ2211004-rose-logo-9w0g.jpeg;//cf.appdrag.com/optimal-karpet-21fc7a/CloudBackend/files/494281a9-e444-41bc-a29d-615e6a8a16a3.pdf
24.5;Milliken;Réemploi;GIZ2302005-DV2328;45.7x45.7;Laylines LLN108-174 Tusk;60;//cf.appdrag.com/optimal-karpet-21fc7a/uploads/Tusk-Logo-ngOh.png;//cf.appdrag.com/optimal-karpet-21fc7a/CloudBackend/files/8905ff3a-57b6-47bf-b770-12b62d096ae5.pdf
18.2;Modulyss;Réemploi;GIZ2301008;50x50;Spark 140;107;//cf.appdrag.com/optimal-karpet-21fc7a/uploads/140-TPVr.png;//cf.appdrag.com/optimal-karpet-21fc7a/CloudBackend/files/140-Xzaa.pdf
11.2;Desso;Réemploi;GIZ2208011;50x50;Lupo 2932;81;//cf.appdrag.com/optimal-karpet-21fc7a/uploads/2932-logo-m0zd.png;//cf.appdrag.com/optimal-karpet-21fc7a/CloudBackend/files/443acc5b-4b23-43f7-804a-a38f378d0f01.pdf
22.4;Desso;Réemploi;GIZ2301010_bloqué DV 3326;50x50;Linon 9508;20;//cf.appdrag.com/optimal-karpet-21fc7a/uploads/9508-2aVF.png;//cf.appdrag.com/optimal-karpet-21fc7a/CloudBackend/files/c0b49e13-3fd8-49c8-a06e-f14e3862a590.pdf
22.4;Desso;Réemploi;GIZ2302006;50x50;Grain 1908;163;//cf.appdrag.com/optimal-karpet-21fc7a/uploads/1908-XBI7.png;//cf.appdrag.com/optimal-karpet-21fc7a/CloudBackend/files/f46fdbeb-e7a1-49bc-97ce-deca514849f0.pdf
11.2;Interface;Réemploi;GIZ2212008;50x50;tatami 361868 Sendai;106;//cf.appdrag.com/optimal-karpet-21fc7a/uploads/2212008-INTERFACE-TATAMI-LOGO-SQdT.jpeg;//cf.appdrag.com/optimal-karpet-21fc7a/CloudBackend/files/a9a3e313-4465-4741-b646-84b00b6cd92f.pdf
25.2;Interface;Réemploi;GIZ2206001;50x50;Composure Diffuse;53;//cf.appdrag.com/optimal-karpet-21fc7a/uploads/interface-composure-diffuse-logo-mH5z.jpeg;//cf.appdrag.com/optimal-karpet-21fc7a/CloudBackend/files/a2f044a9-df1b-4439-a7d4-21484d2b3ca5.pdf
22.4;Milliken;Réemploi;GIZ2302003;25x100;Pure Alchemy PUA215-153-250 Tin Matter;57;//cf.appdrag.com/optimal-karpet-21fc7a/uploads/PUA215-153-250-Tin-Matter-DHDY.png;//cf.appdrag.com/optimal-karpet-21fc7a/CloudBackend/files/dd9566de-b6b8-407a-b5f8-813b1a9016cb.pdf
25.2;Interface;Réemploi;GIZ2303002;50x50;Composure 4169016 Reserved;64;//cf.appdrag.com/optimal-karpet-21fc7a/uploads/4169016-Reserved-7C2A.png;//cf.appdrag.com/optimal-karpet-21fc7a/CloudBackend/files/ef0c064b-f3fc-438f-afbb-b383d64e067a.pdf
30.8;Milliken;Réemploi;GIZ2302009;25x100;LVT Change Agent;35;//cf.appdrag.com/optimal-karpet-21fc7a/uploads/ESN44-Affinity-w05Q.png;//cf.appdrag.com/optimal-karpet-21fc7a/CloudBackend/files/3586b734-5049-4789-9f5b-733301624707.pdf
11.2;Modulyss;Réemploi;GIZ2303005;50x50;Online 438;499;//cf.appdrag.com/optimal-karpet-21fc7a/uploads/438-logo-DAfv.png;//cf.appdrag.com/optimal-karpet-21fc7a/CloudBackend/files/46d86139-f2d6-4d70-93a0-3a66de4c1562.pdf
22.4;Interface;Réemploi;GIZ2304006;25x100;Equal Measures 551;175;//cf.appdrag.com/optimal-karpet-21fc7a/uploads/EM551-logo-y4D2.png;//cf.appdrag.com/optimal-karpet-21fc7a/CloudBackend/files/c29c1167-151d-45e3-a458-924715ea790b.pdf
22.4;Interface;Réemploi;GIZ2303007;25x100;Equal Measures 552;170;//cf.appdrag.com/optimal-karpet-21fc7a/uploads/552-logo-0xvH.png;//cf.appdrag.com/optimal-karpet-21fc7a/CloudBackend/files/85645e3a-2714-4dd1-b911-80b14bac4208.pdf
22.4;Interface;Réemploi;GIZ2304005;25x100;Equal Measures 553;425;//cf.appdrag.com/optimal-karpet-21fc7a/uploads/553-logo-G94Y.png;//cf.appdrag.com/optimal-karpet-21fc7a/CloudBackend/files/ce7d46b2-6a5a-4f0a-b430-d64d9774704d.pdf
15.4;Interface;Réemploi;GIZ2304002;50x50;Transformation 118626;66;//cf.appdrag.com/optimal-karpet-21fc7a/uploads/118626-qkqh.png;//cf.appdrag.com/optimal-karpet-21fc7a/CloudBackend/files/aa0de05f-e618-46f3-93de-24c0c08b3fb9.pdf
21;Balsan;Réemploi;GIZ2304001;50x50;KARPET - Pilote 980 - Réemploi;30;//cf.appdrag.com/optimal-karpet-21fc7a/uploads/balsan-pilote-980-marron-avec-logo--OrUR.jpeg;//cf.appdrag.com/optimal-karpet-21fc7a/CloudBackend/files/0a4fdbf0-650b-4354-8b46-3b81a9a3d835.pdf
23.1;Milliken;Réemploi;GIZ2303001;50x50;KARPET - Nordic Stories Tectonic TTC171-67 Oresund Bridge - Réemploi;65;//cf.appdrag.com/optimal-karpet-21fc7a/uploads/TTC171-67L-B7BF.png;//cf.appdrag.com/optimal-karpet-21fc7a/CloudBackend/files/26c5e77f-3d4d-4e60-b7be-f046543f28d0.pdf
25.2;Interface;Réemploi;GIZ2305010;25x100;Touch Of Timber 4191006 Ash;170;//cf.appdrag.com/optimal-karpet-21fc7a/uploads/ash-logo-bdtU.png;//cf.appdrag.com/optimal-karpet-21fc7a/CloudBackend/files/8482765c-9ca0-4404-98ab-6df50967c330.pdf
15.4;Desso;Réemploi;GIZ2304003;50x50;Scape B879 9515;135;//cf.appdrag.com/optimal-karpet-21fc7a/uploads/9515-logo-lxf7.png;//cf.appdrag.com/optimal-karpet-21fc7a/CloudBackend/files/3f725f97-afc7-4fd8-80e4-876d7e7e6adf.pdf
23.8;Milliken;Réemploi;GIZ2306003;50x50;Out Of Shadows Umbra;135;//cf.appdrag.com/optimal-karpet-21fc7a/uploads/SRG133-83-94-Umbra-h4pl.png;//cf.appdrag.com/optimal-karpet-21fc7a/CloudBackend/files/5e378b14-7f7a-45c6-bee6-25a5f22e1f75.pdf
19.6;Desso;Réemploi;GIZ2301011;50x50;Flow 9027;70;//cf.appdrag.com/optimal-karpet-21fc7a/uploads/DESSO-CYCLE-UP-GRIS-CLAIR-AVEC-LOGO-KEZ3.jpeg;//cf.appdrag.com/optimal-karpet-21fc7a/CloudBackend/files/c2190f37-ac8f-44e6-bb43-ea41f365ad51.pdf
21;Balsan;Réemploi;GIZ2208004;50x50;Pilote 910;30;//cf.appdrag.com/optimal-karpet-21fc7a/uploads/BALSAN-PILOTE-GRIS-2211010-logo-PnyO.jpeg;//cf.appdrag.com/optimal-karpet-21fc7a/CloudBackend/files/6172550d-f91c-4e65-9733-d9a061b4936b.pdf
15.4;Interface;Réemploi;GIZ2306005;50x50;Transformation 345502 STEPPE;35;//cf.appdrag.com/optimal-karpet-21fc7a/uploads/optimalkarpet/345502-STEPPE-NTLL.png;//cf.appdrag.com/optimal-karpet-21fc7a/CloudBackend/files/83e01a80-269b-4c29-a892-eee685d07da7.pdf
15.4;Interface;Réemploi;GIZ2301007;50x50;Transformation 1628004 Meadow;45;//cf.appdrag.com/optimal-karpet-21fc7a/uploads/Meadow-XaVW.png;//cf.appdrag.com/optimal-karpet-21fc7a/CloudBackend/files/0afbfa5c-a359-4463-acfc-12e0c3c317fb.pdf
15.4;Balsan;Réemploi;GIZ2307004;50x50;Eco-Pilote 110;120;//cf.appdrag.com/optimal-karpet-21fc7a/uploads/110-wfbG.png;//cf.appdrag.com/optimal-karpet-21fc7a/CloudBackend/files/84bcdead-92aa-49b7-852a-2d1431afdf75.pdf
22.4;Balsan;Réemploi;GIZ2307005;50x50;Landscape Canyon 610;154;//cf.appdrag.com/optimal-karpet-21fc7a/uploads/optimalkarpet/Canyon-610-logo-gy51.png;//cf.appdrag.com/optimal-karpet-21fc7a/CloudBackend/files/b093de61-032e-46ff-a8ea-0a69bb1a43b7.pdf
11.2;Desso;Réemploi;GIZ2305006;50x50;Lita 9505;120;//cf.appdrag.com/optimal-karpet-21fc7a/uploads/DESSO-escolita-gris-clair-GIZ2210008--logo-i5ft.jpeg;//cf.appdrag.com/optimal-karpet-21fc7a/CloudBackend/files/154fd6d3-1587-481d-8d4c-ade6f5954117.pdf
11.2;Tecsom;Réemploi;GIZ2305007;50x50;3600 Green System 032;30;//cf.appdrag.com/optimal-karpet-21fc7a/uploads/optimalkarpet/Classement/00032-0Zus.png;//cf.appdrag.com/optimal-karpet-21fc7a/CloudBackend/files/77260f0a-31d9-4300-95d9-bf9e24de2456.pdf
11.2;Tecsom;Réemploi;GIZ2305008;50x50;3600 Green System 031;70;//cf.appdrag.com/optimal-karpet-21fc7a/uploads/optimalkarpet/Classement/gris-00031-PPoB.jpg;//cf.appdrag.com/optimal-karpet-21fc7a/CloudBackend/files/abe9c5c4-fb7a-4966-b48b-ae0565c82612.pdf
19.6;Desso;Réemploi;GIZ2306001;50x50;Fields 9098;90;//cf.appdrag.com/optimal-karpet-21fc7a/uploads/Fields-9098-A0dw.png;//cf.appdrag.com/optimal-karpet-21fc7a/CloudBackend/files/13726410-e1c7-4cda-976d-4417ca1ea150.pdf
15.4;Interface;Réemploi;GIZ2305011;50x50;Transformation 1628067 Nightshade;100;//cf.appdrag.com/optimal-karpet-21fc7a/uploads/nightshade--logo-L06V.png;//cf.appdrag.com/optimal-karpet-21fc7a/CloudBackend/files/d7652dd1-4389-40f0-8413-1e44b2aba106.pdf
15.4;Interface;Réemploi;GIZ2307016;50x50;Equilibrium Symmetry;70;//cf.appdrag.com/optimal-karpet-21fc7a/uploads/1190022-Symmetry-logo-LPNy.png;//cf.appdrag.com/optimal-karpet-21fc7a/CloudBackend/files/83323d0d-9ef4-46b6-9a0a-8197be151dd4.pdf
26.6;Interface;Réemploi;GIZ2307018;25x100;On Line Sage;45;//cf.appdrag.com/optimal-karpet-21fc7a/uploads/sage-6w0e.png;//cf.appdrag.com/optimal-karpet-21fc7a/CloudBackend/files/b0fe70f9-23c4-4794-9e24-7ea35f3cb8a2.pdf
26.6;Interface;Réemploi;GIZ2307019;25x100;On Line Biscuit;70;//cf.appdrag.com/optimal-karpet-21fc7a/uploads/biscuit-logo-RXlS.png;//cf.appdrag.com/optimal-karpet-21fc7a/CloudBackend/files/b34ff489-eb29-4a47-847d-f8b55a27d9ef.pdf
26.6;Balsan;Réemploi;GIZ2307009;50x50;Carré Couture César 600;40;//cf.appdrag.com/optimal-karpet-21fc7a/uploads/Cesar-600-ukKm.png;//cf.appdrag.com/optimal-karpet-21fc7a/CloudBackend/files/6cdade32-07ad-42f6-97b5-60144a069664.pdf
26.6;Balsan;Réemploi;GIZ2307010;50x50;Carré Couture Daurius 600;80;//cf.appdrag.com/optimal-karpet-21fc7a/uploads/Daurius-600-r4Ja.png;//cf.appdrag.com/optimal-karpet-21fc7a/CloudBackend/files/f5e36450-ad8e-43d1-a3f3-b85d2cbbc676.pdf
25.2;Balsan;Réemploi;GIZ2307011;50x50;KARPET - Scope HD 607;75;//cf.appdrag.com/optimal-karpet-21fc7a/uploads/607-logo-H3N6.png;//cf.appdrag.com/optimal-karpet-21fc7a/CloudBackend/files/02ebcc43-83a9-4eae-93c3-0070220e5a25.pdf
15.4;Desso;Réemploi;GIZ2306009;50x50;Flow 9013;250;//cf.appdrag.com/optimal-karpet-21fc7a/uploads/DESSO-MARRON-CYCLE-UP-avec-logo-1fzG.jpg;//cf.appdrag.com/optimal-karpet-21fc7a/CloudBackend/files/2e980b40-5227-423c-ac34-14d9a9b4e7fc.pdf
22.4;Desso;Réemploi;GIZ2307002;50x50;Wave 9502;170;//cf.appdrag.com/optimal-karpet-21fc7a/uploads/wave-9502-orak-EGZa.png;//cf.appdrag.com/optimal-karpet-21fc7a/CloudBackend/files/9502-YbJK.pdf
25.2;Interface;Réemploi;GIZ2309007;50x50;Composure Solitude;180;//cf.appdrag.com/optimal-karpet-21fc7a/uploads/INTERFACE-COMPOSURE-SOLITUDE-ORAK-niCZ.jpeg;//cf.appdrag.com/optimal-karpet-21fc7a/CloudBackend/files/e72710c0-ec75-4d79-ad75-7340aca5ef40.pdf
15.4;Desso;Réemploi;GIZ2308004;50x50;Scape 3010;60;//cf.appdrag.com/optimal-karpet-21fc7a/uploads/3010-logo-fuuo.png;//cf.appdrag.com/optimal-karpet-21fc7a/CloudBackend/files/a25382ea-0e7b-4475-9f03-13f593299406.pdf
28;Milliken;Réemploi;GIZ2310003;50x50;Urban Sketch OYSTER SHELL;78;//cf.appdrag.com/optimal-karpet-21fc7a/uploads/Urban-Sketch-OYSTER-SHELL-logo-Bbqz.png;//cf.appdrag.com/optimal-karpet-21fc7a/CloudBackend/files/7d8dafff-fdc7-48f8-9899-2d3695128b21.pdf
23.1;Milliken;Réemploi;GIZ2306004;50x50;Formwork FWK94 Wainscot;25;//cf.appdrag.com/optimal-karpet-21fc7a/uploads/Wainscot-logo-Zkvf.png;//cf.appdrag.com/optimal-karpet-21fc7a/CloudBackend/files/392a2eab-6bdd-4a6f-a2c3-a39cd2eb35d0.pdf
19.6;Balsan;Réemploi;GIZ2307020;50x50;Pilote 710;290;//cf.appdrag.com/optimal-karpet-21fc7a/uploads/710-logo-eyXg.png;//cf.appdrag.com/optimal-karpet-21fc7a/CloudBackend/files/2d93f563-0079-46e3-83ea-279cdf275ec7.pdf
16.8;Balsan;Réemploi;GIZ2309010;50x50;Batik 970;95;//cf.appdrag.com/optimal-karpet-21fc7a/uploads/970-logo-UoNx.png;//cf.appdrag.com/optimal-karpet-21fc7a/CloudBackend/files/2bed9039-1707-40b2-8b32-949940487461.pdf
16.8;Modulyss;Réemploi;GIZ2303004;50x50;Millennium Nxtgen 061;170;//cf.appdrag.com/optimal-karpet-21fc7a/uploads/061-logo-MGbm.png;//cf.appdrag.com/optimal-karpet-21fc7a/CloudBackend/files/f7f3b948-fdee-47f8-85ca-686145fe368e.pdf
19.6;Tecsom;Réemploi;GIZ2310001;50x50;City Square 032;151;//cf.appdrag.com/optimal-karpet-21fc7a/uploads/032-logo-N8Jz.png;//cf.appdrag.com/optimal-karpet-21fc7a/CloudBackend/files/94e49437-8fc8-4ab1-8848-8b4af08cb726.pdf
16.8;Balsan;Réemploi;GIZ2310005;50x50;Winter 185;119;//cf.appdrag.com/optimal-karpet-21fc7a/uploads/185-logo-SSU6.png;//cf.appdrag.com/optimal-karpet-21fc7a/CloudBackend/files/a128e0e4-3cd9-4a0d-8f88-c096796c2344.pdf
19.6;Desso;Réemploi;GIZ2310007;50x50;Flow 9027;65;//cf.appdrag.com/optimal-karpet-21fc7a/uploads/DESSO-CYCLE-UP-GRIS-CLAIR-AVEC-LOGO-KEZ3.jpeg;//cf.appdrag.com/optimal-karpet-21fc7a/CloudBackend/files/c2190f37-ac8f-44e6-bb43-ea41f365ad51.pdf
19.6;Interface;Réemploi;GIZ2309001;50x50;New Horizons II 5589 Carbon;115;//cf.appdrag.com/optimal-karpet-21fc7a/uploads/carbon-logo-qumu.png;//cf.appdrag.com/optimal-karpet-21fc7a/CloudBackend/files/b9b0d1c3-4ede-4cb8-9cb8-6d78ad382b58.pdf
25.2;Balsan;Réemploi;GIZ2305009;50x50;Stoneage 770;50;//cf.appdrag.com/optimal-karpet-21fc7a/uploads/770-logo-e4An.png;//cf.appdrag.com/optimal-karpet-21fc7a/CloudBackend/files/355c15b3-23d6-4a1c-87a0-e77c2aac9fd7.pdf
15.4;Vorwerk;Réemploi;GIZ2307014;50x50;;95;//cf.appdrag.com/optimal-karpet-21fc7a/uploads/Vorwerk-logo-A8Q4.png;
25.2;Interface;Réemploi;GIZ2311005;50x50;Composure Transcribe;85;//cf.appdrag.com/optimal-karpet-21fc7a/uploads/transcribe-logo-EJQ7.png;//cf.appdrag.com/optimal-karpet-21fc7a/CloudBackend/files/674ceea8-a9ee-439f-828f-35d5d96dc1de.pdf
26.6;Interface;Réemploi;GIZ2311011;25x100;HN810 Limestone;95;//cf.appdrag.com/optimal-karpet-21fc7a/uploads/interface-HN810-LIMESTONE-optimal-karpet-Nt06.jpeg;//cf.appdrag.com/optimal-karpet-21fc7a/CloudBackend/files/26c3b249-581a-42d8-9c0c-6d3051b06ead.pdf
26.6;Interface;Réemploi;GIZ2311012;25x100;HN840 Limestone;85;//cf.appdrag.com/optimal-karpet-21fc7a/uploads/HN840-xKw7.png;//cf.appdrag.com/optimal-karpet-21fc7a/CloudBackend/files/4e0b5fe1-e44f-487f-b32f-d994a5bfec79.pdf
26.6;Interface;Réemploi;GIZ2311014;25x100;HN850 Limestone;60;//cf.appdrag.com/optimal-karpet-21fc7a/uploads/HN850-logo-kZ6Y.png;//cf.appdrag.com/optimal-karpet-21fc7a/CloudBackend/files/50f3aac1-aeb7-487a-9fa7-20b98dbc875a.pdf
12.6;;Réemploi;GIZ2205007;50x50;Rima Rima Bleu;105;//cf.appdrag.com/optimal-karpet-21fc7a/uploads/rima-logo-RscX.png;
8.4;Interface;Réemploi;GIZ2309008;50x50;Interlay;105;//cf.appdrag.com/optimal-karpet-21fc7a/uploads/Sans-titre-nm7E.jpeg;
15.4;Interface;Réemploi;GIZ2310004;50x50;KARPET - Transformation 345502 STEPPE;30;//cf.appdrag.com/optimal-karpet-21fc7a/uploads/optimalkarpet/345502-STEPPE-NTLL.png;//cf.appdrag.com/optimal-karpet-21fc7a/CloudBackend/files/83e01a80-269b-4c29-a892-eee685d07da7.pdf
15.4;Balsan;Réemploi;GIZ2310006;50x50;Metropolitan Avenue 960;255;//cf.appdrag.com/optimal-karpet-21fc7a/uploads/960-logo-4DNH.png;//cf.appdrag.com/optimal-karpet-21fc7a/CloudBackend/files/e0445006-a4e6-412a-a246-8860fec7658d.pdf
23.1;Milliken;Réemploi;GIZ2311001;50x50;Per Contra 2.0 OTC144-6 Union;95;//cf.appdrag.com/optimal-karpet-21fc7a/uploads/OTC144-06-RJmw.png;//cf.appdrag.com/optimal-karpet-21fc7a/CloudBackend/files/7ad949d9-0e81-42bf-92f8-fc63992d792c.pdf
23.1;Milliken;Réemploi;GIZ2311002;50x50;Per Contra 2.0 OTC6-79 Throw;39;//cf.appdrag.com/optimal-karpet-21fc7a/uploads/OTC6-79-logo-dnWQ.png;//cf.appdrag.com/optimal-karpet-21fc7a/CloudBackend/files/92741afa-9813-4a5c-8207-409977b3f939.pdf
23.1;Milliken;Réemploi;GIZ2311004;50x50;Nordic Stories Tectonic TTC79-133 Dark Dansk;35;//cf.appdrag.com/optimal-karpet-21fc7a/uploads/TTC79-133m-Dark-Dansk-logo-Zz0H.png;//cf.appdrag.com/optimal-karpet-21fc7a/CloudBackend/files/961384ca-159e-4d74-ac01-d0815c09ff60.pdf
25.2;Balsan;Réemploi;GIZ2111004;50x50;Stoneage 910;105;//cf.appdrag.com/optimal-karpet-21fc7a/uploads/BALSAN-STONE-AGE-910-ToFi.jpeg;//cf.appdrag.com/optimal-karpet-21fc7a/CloudBackend/files/4d0eb2db-0fcf-4c79-8114-6d918730bed1.pdf
16.8;Interface;Réemploi;GIZ2312002;50x50;Elevation Linen Shade;290;//cf.appdrag.com/optimal-karpet-21fc7a/uploads/Logo-DpLG.png;//cf.appdrag.com/optimal-karpet-21fc7a/CloudBackend/files/bd9c6561-88fb-41f9-afef-f2f64b178c00.pdf
19.6;Desso;Réemploi;GIZ2312008;50x50;Grids 9013;200;//cf.appdrag.com/optimal-karpet-21fc7a/uploads/9013-logo-j3TS.png;//cf.appdrag.com/optimal-karpet-21fc7a/CloudBackend/files/2c5bed28-f688-4bd1-a147-e551522ff3b2.pdf
24.5;Desso;Réemploi;GIZ2401005;50x50;Desert 9505;189;//cf.appdrag.com/optimal-karpet-21fc7a/uploads/9505-logo-6hfK.png;//cf.appdrag.com/optimal-karpet-21fc7a/CloudBackend/files/f90b8b04-d47f-4a1f-a59c-21497337331c.pdf
21;Balsan;Réemploi;GIZ2205004;50x50;Pilote 980;110;//cf.appdrag.com/optimal-karpet-21fc7a/uploads/balsan-pilote-980-marron-avec-logo--OrUR.jpeg;//cf.appdrag.com/optimal-karpet-21fc7a/CloudBackend/files/2a90b18d-fbcc-4828-85ce-696188454949.pdf
19.6;Balsan;Réemploi;GIZ2401001;50x50;Boléro 570;66;//cf.appdrag.com/optimal-karpet-21fc7a/uploads/570-logo-GnID.png;//cf.appdrag.com/optimal-karpet-21fc7a/CloudBackend/files/d9c68292-347c-4921-9e78-f537b9371d2d.pdf
19.6;Balsan;Réemploi;GIZ2401002;50x50;Boléro 560;140;//cf.appdrag.com/optimal-karpet-21fc7a/uploads/560-logo-D75G.png;//cf.appdrag.com/optimal-karpet-21fc7a/CloudBackend/files/2740126d-5967-4d2d-b063-34d3cfb13d60.pdf
19.6;Balsan;Réemploi;GIZ2401003;50x50;Boléro 350;145;//cf.appdrag.com/optimal-karpet-21fc7a/uploads/350-logo-Cl2f.png;//cf.appdrag.com/optimal-karpet-21fc7a/CloudBackend/files/0424a700-62df-40c2-ad62-7e33a5582639.pdf
22.4;Interface;Réemploi;GIZ2311007;25x100;WW890 8113004 Black Dobby;55;//cf.appdrag.com/optimal-karpet-21fc7a/uploads/Black-Dobby-my7V.png;//cf.appdrag.com/optimal-karpet-21fc7a/CloudBackend/files/6777c378-6899-49c3-8db2-cd278e935083.pdf
22.4;Interface;Réemploi;GIZ2311008;25x100;WW890 8113006 Natural Dobby;65;//cf.appdrag.com/optimal-karpet-21fc7a/uploads/Natural-Dobby-ToqP.png;//cf.appdrag.com/optimal-karpet-21fc7a/CloudBackend/files/3d4a58c7-cd7a-477b-bf7e-1847af6d7d91.pdf
19.6;Tecsom;Réemploi;GIZ2311013;50x50;Linear Spirit Bicolore Mid-Grey 00031;50;//cf.appdrag.com/optimal-karpet-21fc7a/uploads/00031-bZMQ.png;//cf.appdrag.com/optimal-karpet-21fc7a/CloudBackend/files/998e39c1-900d-4794-9d8b-2117e6d62cf1.pdf
22.4;Desso;Réemploi;GIZ2312001;50x50;Wave B754 2924;45;//cf.appdrag.com/optimal-karpet-21fc7a/uploads/2924-op-iofJ.png;//cf.appdrag.com/optimal-karpet-21fc7a/CloudBackend/files/b8f6b794-9469-4ac6-b4f5-bca0d0664bea.pdf
30.8;Milliken;Réemploi;GIZ2312009;;Polished Concrete POL144;55;//cf.appdrag.com/optimal-karpet-21fc7a/uploads/POL144m-K7yW.jpg;//cf.appdrag.com/optimal-karpet-21fc7a/CloudBackend/files/1d5fa00d-9243-4744-b402-5c7d9d6b3e10.pdf
24.5;Desso;Produit à venir;2312005-01_attente nettoyage;50x50;Essence 8904 Sound Master;80;//cf.appdrag.com/optimal-karpet-21fc7a/uploads/THP-Essence-8904-5MYs.jpg;//cf.appdrag.com/optimal-karpet-21fc7a/CloudBackend/files/55f5aa44-f836-4326-8015-69042dbec6bd.pdf
21;Desso;Réemploi;GIZ2312006;50x50;Essence Stripe 9514 Sound Master;35;//cf.appdrag.com/optimal-karpet-21fc7a/uploads/9514-logo-8glC.png;//cf.appdrag.com/optimal-karpet-21fc7a/CloudBackend/files/03796e7d-2381-44e3-b3fd-c1939abf8027.pdf
18.9;Modulyss;Réemploi;GIZ2301009;50x50;Millennium Nxtgen 061 ComfortBack;75;//cf.appdrag.com/optimal-karpet-21fc7a/uploads/061-logo-MGbm.png;//cf.appdrag.com/optimal-karpet-21fc7a/CloudBackend/files/48fe79c5-4b1c-46f4-9fb3-f4f8770cfb5f.pdf
16.8;Interface;Réemploi;GIZ2111005;50x50;Polichrome Solid Daphne;35;//cf.appdrag.com/optimal-karpet-21fc7a/uploads/interface-polichrome-daphne-logo-ILZH.jpeg;//cf.appdrag.com/optimal-karpet-21fc7a/CloudBackend/files/0954e8f9-c705-41c8-9424-2f2e1c65b30c.pdf
16.8;Desso;Réemploi;GIZ2204005;50x50;Halo 9091;165;//cf.appdrag.com/optimal-karpet-21fc7a/uploads/desso-halo-9091-optimal-karpet-LGZ2.jpeg;//cf.appdrag.com/optimal-karpet-21fc7a/CloudBackend/files/8e2aa23a-c64e-4a8e-9275-cfd37ab4c6a6.pdf
25.2;Balsan;Réemploi;GIZ2206006;50x50;Stoneage 710;100;//cf.appdrag.com/optimal-karpet-21fc7a/uploads/BALSAN-STONE-AGE-MARRON-710-LOGO-IgY5.jpg;//cf.appdrag.com/optimal-karpet-21fc7a/CloudBackend/files/8808e75f-b7ff-45e3-9c57-0dbd3eb216a1.pdf
25.2;Shaw contract;Réemploi;GIZ2301002;25x100;5T253 53597 Gunmetal;44;//cf.appdrag.com/optimal-karpet-21fc7a/uploads/53597-Gunmetal-carre-1j7L.jpg;//cf.appdrag.com/optimal-karpet-21fc7a/CloudBackend/files/c3d9de59-3bac-4a8d-a84c-d725cd5a92e4.pdf
25.2;Interface;Réemploi;GIZ2210002;50x50;Composure Abyss;155;//cf.appdrag.com/optimal-karpet-21fc7a/uploads/COMPOSURE-ABYSS-LOGO--GKu5.jpeg;//cf.appdrag.com/optimal-karpet-21fc7a/CloudBackend/files/2789a6d1-7dbd-4d71-afc3-8781749c9523.pdf
25.2;Balsan;Réemploi;240109-01;50x50;Désert 910;110;//cf.appdrag.com/optimal-karpet-21fc7a/uploads/910-logo-KGpN.png;//cf.appdrag.com/optimal-karpet-21fc7a/CloudBackend/files/ada44af8-09ed-4ff1-bcb3-0bcc2eb8143b.pdf
18.2;Desso;Réemploi;240201-01;50x50;Natural Nuances AA15 9530;75;//cf.appdrag.com/optimal-karpet-21fc7a/uploads/1-Qwal.png;//cf.appdrag.com/optimal-karpet-21fc7a/CloudBackend/files/4f0e9f2f-6d2d-4e4b-bc36-ede986765b7d.pdf
18.2;Desso;Réemploi;240201-02;50x50;Natural Nuances AA15 9430;35;//cf.appdrag.com/optimal-karpet-21fc7a/uploads/Desso-Natural-nuances-AA15-9430-UdGi.png;//cf.appdrag.com/optimal-karpet-21fc7a/CloudBackend/files/735e6cf0-0101-41fa-9172-ecd8e9086221.pdf
19.6;Forbo;Réemploi;240213-01;50x50;Tessera 4376 Mercury;210;//cf.appdrag.com/optimal-karpet-21fc7a/uploads/235770-4376-fNCW.jpg;//cf.appdrag.com/optimal-karpet-21fc7a/CloudBackend/files/57fc7349-475d-4c51-bc6b-1686ab749301.pdf
16.8;Tecsom;Réemploi;240202-01;50x50;GALERIE 028 Electric Blue;60;//cf.appdrag.com/optimal-karpet-21fc7a/uploads/blue1-e74X.png;//cf.appdrag.com/optimal-karpet-21fc7a/CloudBackend/files/028 Bleu électrique-lGCi.pdf
15.4;Interface;Réemploi;240204-01;50x50;Transformation 118626;155;//cf.appdrag.com/optimal-karpet-21fc7a/uploads/118626-logo-Q0Ny.png;//cf.appdrag.com/optimal-karpet-21fc7a/CloudBackend/files/118626-AYUZ.pdf
19.6;Desso;Réemploi;240208-01;25x100;Lame beige;210;//cf.appdrag.com/optimal-karpet-21fc7a/uploads/Lame-Desso11-CCid.png;
19.6;Desso;Réemploi;240304-02;50x50;Grids 8521;110;//cf.appdrag.com/optimal-karpet-21fc7a/uploads/Grids8521-r3aO.png;//cf.appdrag.com/optimal-karpet-21fc7a/CloudBackend/files/Grids 8521-jUGt.pdf
19.6;Desso;Réemploi;240304-03;50x50;Grids 7005;25;//cf.appdrag.com/optimal-karpet-21fc7a/uploads/grids-7005-rXFx.png;//cf.appdrag.com/optimal-karpet-21fc7a/CloudBackend/files/Grids 7005-MsLn.pdf
16.8;Modulyss;Réemploi;240305-01;50x50;DSGN Absolut 965;114;//cf.appdrag.com/optimal-karpet-21fc7a/uploads/965-GYUj.png;//cf.appdrag.com/optimal-karpet-21fc7a/CloudBackend/files/965-HXHu.pdf
16.8;Interface;Réemploi;240211-06;50x50;Heuga 727 4122132 OYSTER;95;//cf.appdrag.com/optimal-karpet-21fc7a/uploads/4122132-OYSTER-EsAf.png;//cf.appdrag.com/optimal-karpet-21fc7a/CloudBackend/files/4122132 OYSTER-6STq.pdf
19.6;Balsan;Réemploi;240211-01;50x50;Winter 640;120;//cf.appdrag.com/optimal-karpet-21fc7a/uploads/640-AI0Y.png;//cf.appdrag.com/optimal-karpet-21fc7a/CloudBackend/files/640-BeAQ.pdf
12.6;;Réemploi;GIZ2306006;50x50;Rouge Velours;60;//cf.appdrag.com/optimal-karpet-21fc7a/uploads/2306006-lipstick-1-0loj.jpg;
14;Interface;Réemploi;GIZ2401007;50x50;Lima 338311 El Agustino;135;//cf.appdrag.com/optimal-karpet-21fc7a/uploads/El-agustino-lqE8.png;//cf.appdrag.com/optimal-karpet-21fc7a/CloudBackend/files/338311_LIMA - El Agustino-SfDP.pdf
19.6;Balsan;Réemploi;240211-02;50x50;Pilote 917;100;//cf.appdrag.com/optimal-karpet-21fc7a/uploads/pilote-917-Mqn8.png;//cf.appdrag.com/optimal-karpet-21fc7a/CloudBackend/files/917-R5EH.pdf
18.2;Tecsom;Réemploi;240207-01-bloqué Nicolas 03/12;50x50;Linear Spirit 045;30;//cf.appdrag.com/optimal-karpet-21fc7a/uploads/LS-Ligne-045-saZv.png;//cf.appdrag.com/optimal-karpet-21fc7a/CloudBackend/files/045-3EwP.pdf
12.6;Interface;Réemploi;240310-01;50x50;Genesis;55;//cf.appdrag.com/optimal-karpet-21fc7a/uploads/interface-genesis-YkR7.png;
18.2;Interface;Réemploi;240401-01;50x50;New Horizon II Silver 4117008;45;//cf.appdrag.com/optimal-karpet-21fc7a/uploads/interface-new-horizons-ii-Silver-4117008-CRlA.png;//cf.appdrag.com/optimal-karpet-21fc7a/CloudBackend/files/SILVER 4117008-5YUV.pdf
25.2;Tarkett;Réemploi;240505-01;;iD Inspiration 30 - Brushed Elm NATURAL;149;//cf.appdrag.com/optimal-karpet-21fc7a/uploads/iD-Inspiration-30---Brushed-Elm-NATURAL-OlMn.png;//cf.appdrag.com/optimal-karpet-21fc7a/CloudBackend/files/DS_FR_iD_Inspiration_30_55_70-cAKF.pdf
19.6;Forbo;Réemploi;240314-01;50x50;Tessera Chroma 3601 Platinum;190;//cf.appdrag.com/optimal-karpet-21fc7a/uploads/forbo-tessera-platinum-3601-02-EF55.jpg;//cf.appdrag.com/optimal-karpet-21fc7a/CloudBackend/files/3601 PLATINUM-p4mr.pdf
16.8;Tecsom;Réemploi;240801-01;50x50;Camera 038;864;//cf.appdrag.com/optimal-karpet-21fc7a/uploads/2-2-Xa4D.jpg;//cf.appdrag.com/optimal-karpet-21fc7a/CloudBackend/files/tecsom_camera_038-puPm.pdf
19.6;Balsan;Réemploi;240708-01;50x50;Pilote² 605;60;//cf.appdrag.com/optimal-karpet-21fc7a/uploads/Pilote-005-1RiM.png;//cf.appdrag.com/optimal-karpet-21fc7a/CloudBackend/files/605-mfF9.pdf
19.6;Shaw contract;Réemploi;250307-02;50x50;Ember 5T226 26506 Pebble;226;//cf.appdrag.com/optimal-karpet-21fc7a/uploads/26506-Pebble-KjOa.jpg;//cf.appdrag.com/optimal-karpet-21fc7a/CloudBackend/files/26506 Pebble -27AH.pdf
19.6;Shaw contract;Réemploi;241109-03;50x50;Ember 5T226 26516-Porcelain;55;//cf.appdrag.com/optimal-karpet-21fc7a/uploads/26516-Porcelain-B25p.jpg;//cf.appdrag.com/optimal-karpet-21fc7a/CloudBackend/files/26516 Porcelain-LEII.pdf
19.6;Shaw contract;Réemploi;241105-02;50x50;Ember 5T226 26755-Straw;642;//cf.appdrag.com/optimal-karpet-21fc7a/uploads/26755-Straw-orak-1-k9cz.png;//cf.appdrag.com/optimal-karpet-21fc7a/CloudBackend/files/26755 Straw-LXHx.pdf
19.6;Shaw contract;Réemploi;250201-04;50x50;Ember 5T226 26760-Stonegate;552;//cf.appdrag.com/optimal-karpet-21fc7a/uploads/26760-Stonegate-SDqD.jpg;//cf.appdrag.com/optimal-karpet-21fc7a/CloudBackend/files/26760 Stonegate-WdYC.pdf
19.6;Shaw contract;Réemploi;250307-01;50x50;Ember 5T226 26761-Heather;730;//cf.appdrag.com/optimal-karpet-21fc7a/uploads/26761-Heather-wzTC.jpg;//cf.appdrag.com/optimal-karpet-21fc7a/CloudBackend/files/26761 Heather-S09f.pdf
19.6;Shaw contract;Réemploi;250201-02;50x50;Ember 5T226 26485 Regent Blue;489;//cf.appdrag.com/optimal-karpet-21fc7a/uploads/26485-regent-blue-zAPU.jpg;//cf.appdrag.com/optimal-karpet-21fc7a/CloudBackend/files/26485 Regent Blue-InRS.pdf
17.5;Balsan;Réemploi;250302-01;50x50;L480 930;740;//cf.appdrag.com/optimal-karpet-21fc7a/uploads/L480-930-TtxH.png;//cf.appdrag.com/optimal-karpet-21fc7a/CloudBackend/files/L480 930_-7cDb.pdf
21;Balsan;Réemploi;250302-02;50x50;Pilote 980;463;//cf.appdrag.com/optimal-karpet-21fc7a/uploads/980-grey-GTMj.jpg;//cf.appdrag.com/optimal-karpet-21fc7a/CloudBackend/files/Balsan Pilote 980 Datasheet-eCJj.pdf
19.6;Balsan;Réemploi;241109-07;50x50;Pilote² 910;29;//cf.appdrag.com/optimal-karpet-21fc7a/uploads/pilote2-910-0wWg.jpg;//cf.appdrag.com/optimal-karpet-21fc7a/CloudBackend/files/Balsan Pilote 910 Datasheet-Mubz.pdf
14.7;Interface;Réemploi;250203-01;50x50;Monochrome 1458002 Platinum;340;//cf.appdrag.com/optimal-karpet-21fc7a/uploads/MONOCHROME-PLATINUM-de-tail-sM78.jpeg;//cf.appdrag.com/optimal-karpet-21fc7a/CloudBackend/files/1458002 Platinum -7rGn.pdf
14.7;Interface;Réemploi;250201-03;50x50;Heuga 727 4122121 ELEPHANT;113;//cf.appdrag.com/optimal-karpet-21fc7a/uploads/4122121-ELEPHANT-1-wVi7.jpg;//cf.appdrag.com/optimal-karpet-21fc7a/CloudBackend/files/Interface Heuga 727 4122121 ELEPHANT-6TxG.pdf
28;Milliken;Fin de série;240604-01;50x50;Wireframe WFR157-182L Royal;220;//cf.appdrag.com/optimal-karpet-21fc7a/uploads/WFR157-182L-Royal-8NwY.jpg;//cf.appdrag.com/optimal-karpet-21fc7a/CloudBackend/files/WFR157-182L Royal-vL4i.pdf
21;Ege;Réemploi;240309-02;48x48;Reform memory;100;//cf.appdrag.com/optimal-karpet-21fc7a/uploads/Reform-memory-logo-tYHh.png;//cf.appdrag.com/optimal-karpet-21fc7a/CloudBackend/files/ReForm Memory-baUz.pdf
19.6;Modulyss;Réemploi;240501-01;50x50;Gleam 847 Produit Neuf;70;//cf.appdrag.com/optimal-karpet-21fc7a/uploads/Gleam-847-TiiI.jpg;//cf.appdrag.com/optimal-karpet-21fc7a/CloudBackend/files/Gleam 847-2COX.pdf
22.4;Desso;Réemploi;240502-01;50x50;Palatino 6016;60;//cf.appdrag.com/optimal-karpet-21fc7a/uploads/palatino-dapZ.png;//cf.appdrag.com/optimal-karpet-21fc7a/CloudBackend/files/6016-07YG.pdf
22.4;Desso;Réemploi;240502-02;50x50;Palatino 6208;39;//cf.appdrag.com/optimal-karpet-21fc7a/uploads/pala-6208-8FNj.png;//cf.appdrag.com/optimal-karpet-21fc7a/CloudBackend/files/6208-Du0W.pdf
22.4;Desso;Réemploi;240503-01;50x50;Arcade 9095;61;//cf.appdrag.com/optimal-karpet-21fc7a/uploads/Arcade-logo-pBMu.png;//cf.appdrag.com/optimal-karpet-21fc7a/CloudBackend/files/9095-QbcR.pdf
18;Milliken;Fin de série;240803-02;50x50;Custom TractionBack Grey;1094;//cf.appdrag.com/optimal-karpet-21fc7a/uploads/240803-02-GRIS-3BHu.jpeg;//cf.appdrag.com/optimal-karpet-21fc7a/CloudBackend/files/GREY-oU2n.pdf
14;Milliken;Fin de série;240803-01-surplus;50x50;Custom TractionBack Pale Beige;108;//cf.appdrag.com/optimal-karpet-21fc7a/uploads/Pale-Beige-72sd.jpeg;//cf.appdrag.com/optimal-karpet-21fc7a/CloudBackend/files/PALE BEIGE-zF4Y.pdf
25.2;Milliken;Fin de série;240803-03-Surplus;50x50;Custom TractionBack Coral;178;//cf.appdrag.com/optimal-karpet-21fc7a/uploads/240803-03-Coral-optS.jpg;//cf.appdrag.com/optimal-karpet-21fc7a/CloudBackend/files/Coral-dkbR.pdf
19.6;Balsan;Réemploi;240506-01;50x50;Pilote² 005;75;//cf.appdrag.com/optimal-karpet-21fc7a/uploads/Pilote-005-JTR3.png;//cf.appdrag.com/optimal-karpet-21fc7a/CloudBackend/files/005-zpwF.pdf
16.8;Interface;Réemploi;240701-08;50x50;Heuga 725 7224 Silver;215;//cf.appdrag.com/optimal-karpet-21fc7a/uploads/Heuga-725-7224-Silver-krFB.png;//cf.appdrag.com/optimal-karpet-21fc7a/CloudBackend/files/7224 Silver-NAlx.pdf
16.8;Balsan;Réemploi;240701-01;50x50;Landscape Rift 640;64;//cf.appdrag.com/optimal-karpet-21fc7a/uploads/RIFT-640-uSj2.png;//cf.appdrag.com/optimal-karpet-21fc7a/CloudBackend/files/Rift 640-yUHa.pdf
22.4;Desso;Réemploi;240404-01;50x50;Linon 9508;70;//cf.appdrag.com/optimal-karpet-21fc7a/uploads/balsan-linon-9508-orak-cZI8.png;//cf.appdrag.com/optimal-karpet-21fc7a/CloudBackend/files/9508-jVXg.pdf
25.2;Balsan;Réemploi;240707-01;50x50;Stoneage 620;33;//cf.appdrag.com/optimal-karpet-21fc7a/uploads/balsan-stoneage-620-orak-RKPQ.png;//cf.appdrag.com/optimal-karpet-21fc7a/CloudBackend/files/Balsan Stoneage 620 bback-eUYZ.pdf
25.2;Milliken;Réemploi;240603-01;50x50;NORDIC STORIES Hidden Plains HDP25-152 Meltwater;65;//cf.appdrag.com/optimal-karpet-21fc7a/uploads/Milliken-Hidden-Plains-HDP25-152-Meltwater-J0jk.png;//cf.appdrag.com/optimal-karpet-21fc7a/CloudBackend/files/HDP25-152 Meltwater-hk4i.pdf
8;Milliken;Fin de série;241101-01_;50x50;WIREFRAME WFR233-254 Cacao;1240;//cf.appdrag.com/optimal-karpet-21fc7a/uploads/WFR233-254m-4fcW.jpg;//cf.appdrag.com/optimal-karpet-21fc7a/CloudBackend/files/WFR233-254 Cacao-olX4.pdf
18;Milliken;Fin de série;241101-02;50x50;WIREFRAME WWFR57-214 Cognac;266;//cf.appdrag.com/optimal-karpet-21fc7a/uploads/WFR57-214m-ykrx.jpg;//cf.appdrag.com/optimal-karpet-21fc7a/CloudBackend/files/WFR57-214 COGNAC-ACoY.pdf
25.2;Interface;Réemploi;240606-01;50x50;Ice Breaker 4282007 Claystone;70;//cf.appdrag.com/optimal-karpet-21fc7a/uploads/Claystone-M3kv.png;//cf.appdrag.com/optimal-karpet-21fc7a/CloudBackend/files/2860fa58-cc9a-4ece-b21d-f919523a65ee.pdf
22.4;Interface;Réemploi;240901-01;25x100;UR 501 7267011 ASH;77;//cf.appdrag.com/optimal-karpet-21fc7a/uploads/ur501-ash-va0-y72I.jpg;//cf.appdrag.com/optimal-karpet-21fc7a/CloudBackend/files/7267011 Ash -qCKk.pdf
19.6;Interface;Réemploi;240902-02;50x50;Transformation 1628065 Gabbro;49;//cf.appdrag.com/optimal-karpet-21fc7a/uploads/1628065-Gabbro-orak-aQTv.png;//cf.appdrag.com/optimal-karpet-21fc7a/CloudBackend/files/1628065 Gabbro-JI2A.pdf
19.6;Forbo;Réemploi;240702-01;50x50;Tessera Layout 2108 Calcium;99;//cf.appdrag.com/optimal-karpet-21fc7a/uploads/2108-calcium-orak-xsXN.png;//cf.appdrag.com/optimal-karpet-21fc7a/CloudBackend/files/2108 calcium-GQQT.pdf
16.8;Desso;Réemploi;240802-01;50x50;Libra Lines 9950;44;//cf.appdrag.com/optimal-karpet-21fc7a/uploads/9950-orak-1-foRQ.png;//cf.appdrag.com/optimal-karpet-21fc7a/CloudBackend/files/9950-Ynru.pdf
19.6;Modulyss;Réemploi;240804-02;50x50;Fashion 241;550;//cf.appdrag.com/optimal-karpet-21fc7a/uploads/48-241-50x50-A-YHUL.jpg;//cf.appdrag.com/optimal-karpet-21fc7a/CloudBackend/files/241-xdev.pdf
18.2;Tecsom;Réemploi;240802-02;50x50;Linear Spirit 045;134;//cf.appdrag.com/optimal-karpet-21fc7a/uploads/LS-Ligne-045-saZv.png;//cf.appdrag.com/optimal-karpet-21fc7a/CloudBackend/files/DATASHEET_Tecsom_Linear Spirit_Ligné 045-RY0i.pdf
22.4;Milliken;Réemploi;240203-01;45.7x45.7;Tracing Landscapes Geography Lesson GLN13 Muddy Boots;48;//cf.appdrag.com/optimal-karpet-21fc7a/uploads/GLN13-KaVy.png;//cf.appdrag.com/optimal-karpet-21fc7a/CloudBackend/files/GLN13 Muddy Boots-YXCW.pdf
19.6;Balsan;Réemploi;240701-03;50x50;Landscape Rift 610;44;//cf.appdrag.com/optimal-karpet-21fc7a/uploads/Balsan-Rift-610-orak-ysxw.png;//cf.appdrag.com/optimal-karpet-21fc7a/CloudBackend/files/Rift 610-MdRw.pdf
25.2;Milliken;Réemploi;240603-02;50x50;Preface Adapt ADT 118-27 Coal;147;//cf.appdrag.com/optimal-karpet-21fc7a/uploads/ADT118-27-MiUX.jpg;//cf.appdrag.com/optimal-karpet-21fc7a/CloudBackend/files/ADT 118-27 Coal-Iwn7.pdf
25.2;Milliken;Réemploi;GIZ2311010;50x50;Nordic Stories TTC108-13 Fjord;49;//cf.appdrag.com/optimal-karpet-21fc7a/uploads/TTC108-13m-MF8e.jpg;//cf.appdrag.com/optimal-karpet-21fc7a/CloudBackend/files/TTC108-13-8NNx.pdf
24.5;Desso;Réemploi;250110-01-bloqué 09/09 welltek+re-you;50x50;Essence AA90 9926;195;//cf.appdrag.com/optimal-karpet-21fc7a/uploads/9926-3dc5.jpg;//cf.appdrag.com/optimal-karpet-21fc7a/CloudBackend/files/Desso Essence AA90 9926 Sound Master Lite-093l.pdf
28;Libertyfloor;Réemploi;240908-01;;LVT Original 55 6037 18 Noyer;20;//cf.appdrag.com/optimal-karpet-21fc7a/uploads/liberty-original-55--1--HjU5.jpg;//cf.appdrag.com/optimal-karpet-21fc7a/CloudBackend/files/Liberty Original 55 Fiche technique 0827A-5Y8Q.pdf
28;Libertyfloor;Réemploi;240908-02;;LVT Original 55 6037 19 Chêne grège;20;//cf.appdrag.com/optimal-karpet-21fc7a/uploads/liberty-original-55-MThs.jpg;//cf.appdrag.com/optimal-karpet-21fc7a/CloudBackend/files/Liberty Original 55 Fiche technique 0827A-5Y8Q.pdf
25.2;Shaw contract;Réemploi;240911-01;25x100;5T253 Rectangle 53597 Gunmetal;215;//cf.appdrag.com/optimal-karpet-21fc7a/uploads/53597-Gunmetal-carre-1j7L.jpg;//cf.appdrag.com/optimal-karpet-21fc7a/CloudBackend/files/c3d9de59-3bac-4a8d-a84c-d725cd5a92e4.pdf
16.8;Interface;Réemploi;241001-02-DV1794;50x50;Linear Tonal 302109 Hawk;300;//cf.appdrag.com/optimal-karpet-21fc7a/uploads/302109-Hawk-41Yk.jpg;//cf.appdrag.com/optimal-karpet-21fc7a/CloudBackend/files/302109 Hawk-bXsZ.pdf
20;Milliken;Fin de série;241103-01;50x50;Tracing Landscapes FSY153 Grey Moss;34;//cf.appdrag.com/optimal-karpet-21fc7a/uploads/Grey-Moss-FSY153-GC45.jpg;//cf.appdrag.com/optimal-karpet-21fc7a/CloudBackend/files/Grey Moss FSY153-V1B8.pdf
19.6;Modulyss;Réemploi;241104-01;50x50;Cambridge 991;40;//cf.appdrag.com/optimal-karpet-21fc7a/uploads/14-991-50x50-xA3A.jpg;//cf.appdrag.com/optimal-karpet-21fc7a/CloudBackend/files/CAMBRIDGE 991-SxLL.pdf
19.6;Modulyss;Réemploi;241104-02;50x50;Cambridge 907;60;//cf.appdrag.com/optimal-karpet-21fc7a/uploads/907-r0tG.jpg;//cf.appdrag.com/optimal-karpet-21fc7a/CloudBackend/files/CAMBRIDGE 991-SxLL.pdf
15.4;Interface;Réemploi;241105-01-DV1794;50x50;Transformation 345523 Plantation;190;//cf.appdrag.com/optimal-karpet-21fc7a/uploads/transformation-plantation-va1-PAFM.jpg;//cf.appdrag.com/optimal-karpet-21fc7a/CloudBackend/files/Plantation-vRNQ.pdf
16;Forbo;Fin de série;SAPE_2;50x50;Tessera Basis Pro Jet 4351;30;//cf.appdrag.com/optimal-karpet-21fc7a/uploads/Jet-4351-Ydfn.jpg;//cf.appdrag.com/optimal-karpet-21fc7a/CloudBackend/files/DATASHEET_Forbo_Tessera Basics Pro_Jet 4351[ORAK_&_OPTIMALKARPET_20250227_155956]-dOVD.pdf
16;Balsan;Fin de série;SAPE_3;50x50;Winter 938;120;//cf.appdrag.com/optimal-karpet-21fc7a/uploads/300-dpi-403c0201-sample-carpet-winter-938-grey-TNnX.webp;//cf.appdrag.com/optimal-karpet-21fc7a/CloudBackend/files/DATASHEET_Balsan_Winter_938[ORAK_&_OPTIMALKARPET_20250227_154139]-Y0tT.pdf
15.4;Desso;Réemploi;240307-01;50x50;Scape 2943;38;//cf.appdrag.com/optimal-karpet-21fc7a/uploads/desso-2943-bi4p.png;//cf.appdrag.com/optimal-karpet-21fc7a/CloudBackend/files/DESSO_Scape_2943-zvmP.pdf
16.8;;Réemploi;240902-03;50x50;Tapibel Groove 62162;90;//cf.appdrag.com/optimal-karpet-21fc7a/uploads/GROOVE-62162-eE8A.jpg;//cf.appdrag.com/optimal-karpet-21fc7a/CloudBackend/files/Tapibel_Groove_62162-qxty.pdf
16.8;Interface;Réemploi;241001-01;50x50;Equilibrium 304282 Fluctuation;83;//cf.appdrag.com/optimal-karpet-21fc7a/uploads/304282-1-EISZ.jpg;//cf.appdrag.com/optimal-karpet-21fc7a/CloudBackend/files/DATASHEET_Interface_Equilibrium_304282 Fluctuation-iF3T.pdf
19.6;Desso;Réemploi;241109-01;50x50;Neo SoundMaster 9990;371;//cf.appdrag.com/optimal-karpet-21fc7a/uploads/Desso-Neo-9990-ZK1n.jpg;//cf.appdrag.com/optimal-karpet-21fc7a/CloudBackend/files/Desso Neo SoundMaster 9990 Datasheet-pLLr.pdf
15.4;Desso;Réemploi;241109-02;50x50;Sienna 9531;227;//cf.appdrag.com/optimal-karpet-21fc7a/uploads/SIENNA-DE-TAIL-CARRE--Cgdj.jpg;//cf.appdrag.com/optimal-karpet-21fc7a/CloudBackend/files/DATASHEET_DESSO_Sienna_9531-kMdN.pdf
19.6;Desso;Réemploi;241204-01;50x50;Fields 9098;274;//cf.appdrag.com/optimal-karpet-21fc7a/uploads/TH-Fields-9098-z3LV.jpg;//cf.appdrag.com/optimal-karpet-21fc7a/CloudBackend/files/DATASHEET_DESSO_Fields_B751 9098-9JDE.pdf
22.4;Desso;Réemploi;241204-02;50x50;Frisk 9512;138;//cf.appdrag.com/optimal-karpet-21fc7a/uploads/frisk-9512-kv5K.jpg;//cf.appdrag.com/optimal-karpet-21fc7a/CloudBackend/files/Datasheet Desso Frisk 9512-Rglb.pdf
9;Tecsom;Fin de série;4700 elegance_atelier_d;50x50;4700 Elegance 032;900;//cf.appdrag.com/optimal-karpet-21fc7a/uploads/0032-T5KR.png;//cf.appdrag.com/optimal-karpet-21fc7a/CloudBackend/files/DATASHEET_Tecsom_4700 Elegance_032-j6cp.pdf
9;Tecsom;Fin de série;3580 City Square 029_atelier_dm;50x50;3580 City Square 029;500;//cf.appdrag.com/optimal-karpet-21fc7a/uploads/029-yBiF.png;//cf.appdrag.com/optimal-karpet-21fc7a/CloudBackend/files/DATASHEET_Tecsom_3580 City Square-NWNG.pdf
25.2;Balsan;Produit à venir;250204-01-attente nettoyage;50x50;Stoneage Sonic Confort 150;403;//cf.appdrag.com/optimal-karpet-21fc7a/uploads/Infini-Colors-STONEAGE-SONIC-CONFO-150-BLUE-ao95.jpg;//cf.appdrag.com/optimal-karpet-21fc7a/CloudBackend/files/Balsan Stoneage Sonic Confort Datasheet-WQqh.pdf
15.4;Interface;Réemploi;250304-01-pour icade;50x50;Series 1 Textured 4202005 Hessian;142;//cf.appdrag.com/optimal-karpet-21fc7a/uploads/4848-1-768-fjTY.jpg;//cf.appdrag.com/optimal-karpet-21fc7a/CloudBackend/files/Datasheet Interface Series 1 Textured-I7M3.pdf
16.8;Tecsom;Réemploi;240705-01;50x50;Decostructure Ceramic 171;96;//cf.appdrag.com/optimal-karpet-21fc7a/uploads/IMG-0362-JjYC.jpg;//cf.appdrag.com/optimal-karpet-21fc7a/CloudBackend/files/DATASHEET_Tecsom_Decostructure Ceramic_171-MpR1.pdf
16.8;Balsan;Réemploi;241107-01;50x50;Dada 960;56;//cf.appdrag.com/optimal-karpet-21fc7a/uploads/dada-960-ferB.jpg;//cf.appdrag.com/optimal-karpet-21fc7a/CloudBackend/files/DATASHEET_Balsan_Carré D'Art_DADA 960-yj2V.pdf
19.6;Desso;Réemploi;250201-01;50x50;Neo 9990;622;//cf.appdrag.com/optimal-karpet-21fc7a/uploads/Desso-Neo-9990-ZK1n.jpg;//cf.appdrag.com/optimal-karpet-21fc7a/CloudBackend/files/Datasheet Desso Neo 9990-OdRT.pdf
16.8;Interface;Réemploi;241109-05;50x50;Heuga 727 672713 Oyster;165;//cf.appdrag.com/optimal-karpet-21fc7a/uploads/672713-FDRc.jpg;//cf.appdrag.com/optimal-karpet-21fc7a/CloudBackend/files/Datasheet Heuga 727 Refresh Oyster-oHMG.pdf
19.6;Desso;Produit à venir;241202-02-attente nettoyage;50x50;Neo 9032;55;//cf.appdrag.com/optimal-karpet-21fc7a/uploads/Desso-Neo-9053-jjs9.jpg;//cf.appdrag.com/optimal-karpet-21fc7a/CloudBackend/files/Datasheet Desso Neo 9053-GU3N.pdf
19.6;Desso;Produit à venir;241202-05-attente nettoyage;50x50;Neo 9511;55;//cf.appdrag.com/optimal-karpet-21fc7a/uploads/9f00bff6-4add-464c-a97d-441542fb7e2f-2-oP0l.jpg;//cf.appdrag.com/optimal-karpet-21fc7a/CloudBackend/files/Datasheet Desso Neo 9511-TOPX.pdf
19.6;Desso;Produit à venir;241202-07-attente nettoyage;50x50;Neo 9501;43;//cf.appdrag.com/optimal-karpet-21fc7a/uploads/Desso-Neo-9501-PoEC.jpg;//cf.appdrag.com/optimal-karpet-21fc7a/CloudBackend/files/Datasheet Desso Neo 9501-pkM2.pdf
16.8;Interface;Réemploi;250101-01;50x50;Syncopation II 324108 Pitch;71;//cf.appdrag.com/optimal-karpet-21fc7a/uploads/SYNCOPATION-II-324108-1qTg.jpeg;//cf.appdrag.com/optimal-karpet-21fc7a/CloudBackend/files/Datasheet Syncopation II Pitch-XQMC.pdf
25.2;Balsan;Réemploi;250111-02;50x50;Take a Walk 610;28;//cf.appdrag.com/optimal-karpet-21fc7a/uploads/300-dpi-4C5T0091-Sample-carpet-TAKE-A-WALK-610-BEIGE-YZHI.jpg;//cf.appdrag.com/optimal-karpet-21fc7a/CloudBackend/files/Balsan Take a Walk Datasheet-JMZT.pdf
25.2;Balsan;Réemploi;250111-03;50x50;Stoneage 920;120;//cf.appdrag.com/optimal-karpet-21fc7a/uploads/910-detail-b6Mn.jpg;//cf.appdrag.com/optimal-karpet-21fc7a/CloudBackend/files/Balsan Stoneage Datasheet-5nFp.pdf
25.2;Interface;Réemploi;250202-02;50x50;Composure 4169017 Seclusion;27;//cf.appdrag.com/optimal-karpet-21fc7a/uploads/Interface-Composure-7zK4.jpg;//cf.appdrag.com/optimal-karpet-21fc7a/CloudBackend/files/Datasheet Interface Composure (1)-tyec.pdf
18.2;Tecsom;Réemploi;250306-01;50x50;Microtec 062 Beige Acoustique;205;//cf.appdrag.com/optimal-karpet-21fc7a/uploads/img--18--O8cf.jpg;//cf.appdrag.com/optimal-karpet-21fc7a/CloudBackend/files/Datasheet Tecsom Acoustique Beige-ntt0.pdf
21.5;Desso;Produit à venir;2312005-2_attente nettoyage;50x50;Essence 8904 Sound Master;515;//cf.appdrag.com/optimal-karpet-21fc7a/uploads/THP-Essence-8904-5MYs.jpg;//cf.appdrag.com/optimal-karpet-21fc7a/CloudBackend/files/55f5aa44-f836-4326-8015-69042dbec6bd.pdf
25.2;Balsan;Produit à venir;250501-01_attente nettoyage-+ -198 11/09-composil+ 900 jonas;50x50;Tramontane 920;283;//cf.appdrag.com/optimal-karpet-21fc7a/uploads/balsan-tramontane-920-8OFM.jpeg;//cf.appdrag.com/optimal-karpet-21fc7a/CloudBackend/files/DATASHEET_Balsan_Tramontane_920-5T7l.pdf
25.2;Desso;Produit à venir;250404-02_attente nettoyage;50x50;Desert AC89 1321;125;//cf.appdrag.com/optimal-karpet-21fc7a/uploads/Desso-Desert-Soundmaster-UpF9.jpg;//cf.appdrag.com/optimal-karpet-21fc7a/CloudBackend/files/Datasheet Desso Desert SoundMaster-zkxf.pdf
22.4;Milliken;Produit à venir;250401-01;50x50;Nordic Stories Isograd Dark Dansk;170;//cf.appdrag.com/optimal-karpet-21fc7a/uploads/igd79-133l-qJx7.jpg;//cf.appdrag.com/optimal-karpet-21fc7a/CloudBackend/files/DATASHEET_MILLIKEN_Nordic Stories - Europe - Isograd_IGD79-133 Dark Dansk-kppz.pdf
22.4;Milliken;Produit à venir;250401-02-attente nettoyage;45.7x45.7;Nordic Stories Isograd Dark Dansk;958;//cf.appdrag.com/optimal-karpet-21fc7a/uploads/igd79-133l-qJx7.jpg;//cf.appdrag.com/optimal-karpet-21fc7a/CloudBackend/files/Datasheet Miliken Nordic Stories (1)-1dr9.pdf
21;Ege;Produit à venir;250305-01-attente nettoyage;48x48;Rouge;175;//cf.appdrag.com/optimal-karpet-21fc7a/uploads/ege-anyl.png;
22.4;Desso;Produit à venir;250604-01_attente nettoyage;50x50;Desert 9518;240;//cf.appdrag.com/optimal-karpet-21fc7a/uploads/TH-Desert-9518-6izQ.jpg;//cf.appdrag.com/optimal-karpet-21fc7a/CloudBackend/files/DATASHEET_DESSO_Desert_ AC89 9518-Xe4L.pdf
26;Milliken;Produit à venir;250402-02-attente nettoyage;50x50;Facet FCT119-13 Onyx;650;//cf.appdrag.com/optimal-karpet-21fc7a/uploads/5282fda6-4cd7-43f0-8b90-70df4b774dcf-gZgG.jpg;//cf.appdrag.com/optimal-karpet-21fc7a/CloudBackend/files/Datasheet Milliken Facet FCT119-13 Onyx-8jhU.pdf
22.4;Desso;Produit à venir;250402-03;50x50;Grain 9506;61;//cf.appdrag.com/optimal-karpet-21fc7a/uploads/TH-Grain-9506-gxBE.jpg;//cf.appdrag.com/optimal-karpet-21fc7a/CloudBackend/files/Datasheet Desso Grain B867 9506-kqR3.pdf
19.6;Desso;Réemploi;250605-01;50x50;Essence 2925;386;//cf.appdrag.com/optimal-karpet-21fc7a/uploads/TH-Essence-2925-DCsn.jpg;//cf.appdrag.com/optimal-karpet-21fc7a/CloudBackend/files/Datasheet Desso Essence AA90 2925-GCLS.pdf
24.5;Milliken;Produit à venir;250402-01;45.7x45.7;Laylines LLN159-182 Sapphire;217;//cf.appdrag.com/optimal-karpet-21fc7a/uploads/LLN159-182-Sapphire-DXXK.jpg;//cf.appdrag.com/optimal-karpet-21fc7a/CloudBackend/files/DATASHEET_MILLIKEN_Laylines - 45,7x45,7_LLN159-182 Sapphire-zbWX.pdf
26.2;Balsan;Produit à venir;250402-04;50x50;Stoneage 190;234;//cf.appdrag.com/optimal-karpet-21fc7a/uploads/STONEAGE-SONIC-CONFO-190-BLUE-Jftk.jpg;//cf.appdrag.com/optimal-karpet-21fc7a/CloudBackend/files/Balsan Stoneage Sonic Confort Datasheet-DbpY.pdf
19.6;Interface;Produit à venir;250702-01-attente nettoyage;50x50;Unity 1136055 Bone;327;//cf.appdrag.com/optimal-karpet-21fc7a/uploads/1136055bone-nbVG.jpg;//cf.appdrag.com/optimal-karpet-21fc7a/CloudBackend/files/Datasheet Interface Unity-Fj36.pdf
19.6;Interface;Produit à venir;250702-02-attente nettoyage;50x50;Unity 1136003 Boulder;115;//cf.appdrag.com/optimal-karpet-21fc7a/uploads/Interface-Unity-1136003-Boulder-9sz6.jpg;//cf.appdrag.com/optimal-karpet-21fc7a/CloudBackend/files/Datasheet Interface Unity Boulder-pMgs.pdf
19.6;Interface;Produit à venir;250702-03-attente nettoyage;50x50;Unity 1136059 Pebble;50;//cf.appdrag.com/optimal-karpet-21fc7a/uploads/Unity-1136059-Pebble-SYW0.jpg;//cf.appdrag.com/optimal-karpet-21fc7a/CloudBackend/files/Datasheet Interface Unity Pebble-9QaR.pdf
25.2;Interface;Réemploi;250707-01;50x50;Composure Harmonious;158;//cf.appdrag.com/optimal-karpet-21fc7a/uploads/INTERFACE-COMPOSURE-HARMONIOUS-de-tail-x1LW.jpeg;//cf.appdrag.com/optimal-karpet-21fc7a/CloudBackend/files/Datasheet Interface Composure (1)-Bs4c.pdf
18.2;Desso;Produit à venir;250603-01;50x50;Natural Nuances AA15 9820;65;//cf.appdrag.com/optimal-karpet-21fc7a/uploads/natural-nuances-aa15-9820--31972-WQ97.jpg;//cf.appdrag.com/optimal-karpet-21fc7a/CloudBackend/files/Desso Natural Nuances AA15-04o5.pdf
19.6;Desso;Réemploi;250706-01;50x50;Fields 9098;120;//cf.appdrag.com/optimal-karpet-21fc7a/uploads/TH-Fields-9098-z3LV.jpg;//cf.appdrag.com/optimal-karpet-21fc7a/CloudBackend/files/DATASHEET_DESSO_Fields_B751 9098-9JDE.pdf
25.2;Balsan;Produit à venir;250802-01;50x50;Tramontane 610;543;//cf.appdrag.com/optimal-karpet-21fc7a/uploads/ramontane-610-beige-r0Oo.jpg;//cf.appdrag.com/optimal-karpet-21fc7a/CloudBackend/files/Balsan Tramontane 610 Datasheet-sK5J.pdf
28;Milliken;Réemploi;250805-01;50x50;Clerkenwell EC1 The Smokery CEC 152;109;//cf.appdrag.com/optimal-karpet-21fc7a/uploads/Milliken-Clerkenwell-The-Smokery-1rPC.jpg;//cf.appdrag.com/optimal-karpet-21fc7a/CloudBackend/files/Datasheet Miliken Clerkenwell The Smokery-g1Bu.pdf
19.6;Modulyss;Produit à venir;250806-01;50x50;DSGN Absolute 912;450;//cf.appdrag.com/optimal-karpet-21fc7a/uploads/33-912-50x50-A-OVQr.jpg;//cf.appdrag.com/optimal-karpet-21fc7a/CloudBackend/files/Datasheet Modulyss Absolute 912 (1)-GiRh.pdf
19.6;Desso;Produit à venir;250902-01;50x50;Grids 2915;800;//cf.appdrag.com/optimal-karpet-21fc7a/uploads/Grids-2915-iGbD.jpg;//cf.appdrag.com/optimal-karpet-21fc7a/CloudBackend/files/Datasheet Desso Grids-1Aic.pdf
22.4;Interface;Réemploi;250904-01;25x100;Equal Measure EM552 7888008 Oldtown Ave;314;//cf.appdrag.com/optimal-karpet-21fc7a/uploads/2284-2-768-odsk.jpg;//cf.appdrag.com/optimal-karpet-21fc7a/CloudBackend/files/Datasheet Interface Equal Measure EM552 (2)-FgHC.pdf
25.2;Interface;Produit à venir;251003-01_welltek_12/25;50x50;Composure 4169014 Contemplate;504;//cf.appdrag.com/optimal-karpet-21fc7a/uploads/Contemplate-de-tail-6KDK.jpg;//cf.appdrag.com/optimal-karpet-21fc7a/CloudBackend/files/Datasheet Composure Graphlex-gfYd.pdf
22.4;Desso;Fin de série;241203-01;50x50;Arcade B023 9107;107;//cf.appdrag.com/optimal-karpet-21fc7a/uploads/Desso-Arcade-B023-6UMZ.jpg;//cf.appdrag.com/optimal-karpet-21fc7a/CloudBackend/files/Datasheet Desso Arcade-7ka5.pdf
19.5;Modulyss;Réemploi;LAB SERVICES;100x100;First Define 914;781;//cf.appdrag.com/optimal-karpet-21fc7a/uploads/28-914-50x50-A-5Qhn.jpg;//cf.appdrag.com/optimal-karpet-21fc7a/CloudBackend/files/Modulyss First Define Datasheet-PE0z.pdf
16.8;Interface;Produit à venir;251101-01_attente nettoyage ;50x50;Fastforward 608121 Granite;710;//cf.appdrag.com/optimal-karpet-21fc7a/uploads/10811-EVJb.jpeg;//cf.appdrag.com/optimal-karpet-21fc7a/CloudBackend/files/302109 Hawk-bXsZ.pdf
25;Interface;Fin de série;Mr_Rouni;50x50;Recreation SONE 4313007 Construction;330;//cf.appdrag.com/optimal-karpet-21fc7a/uploads/Interface-Recreation-7eCR.jpg;//cf.appdrag.com/optimal-karpet-21fc7a/CloudBackend/files/Datasheet Interface Recreation-Afz3.pdf
25.2;Desso;Réemploi;250304-02_icade;50x50;Desert SoundMaster XLite 9517;290;//cf.appdrag.com/optimal-karpet-21fc7a/uploads/9517-Tj5x.jpg;//cf.appdrag.com/optimal-karpet-21fc7a/CloudBackend/files/Datasheet Desso Desert EcoBase SoundMaster-HCBg.pdf
22.4;Interface;Produit à venir;250502-01_attente nettoyage;50x50;Output Lines 4221002 Prussian;226;//cf.appdrag.com/optimal-karpet-21fc7a/uploads/Orak-WebApp-Output-Lines-7uRo.jpg;//cf.appdrag.com/optimal-karpet-21fc7a/CloudBackend/files/Datasheet Interface Output Lines-1M1L.pdf
19.6;Desso;Produit à venir;250502-02-attente nettoyage;50x50;Neo 9511;89;//cf.appdrag.com/optimal-karpet-21fc7a/uploads/9f00bff6-4add-464c-a97d-441542fb7e2f-2-oP0l.jpg;//cf.appdrag.com/optimal-karpet-21fc7a/CloudBackend/files/Datasheet Desso Neo 9511-TOPX.pdf
25.2;Interface;Produit à venir;251005-01;50x50;Composure 4169019 Patience;122;//cf.appdrag.com/optimal-karpet-21fc7a/uploads/Patience-de-tail-G33p.jpg;//cf.appdrag.com/optimal-karpet-21fc7a/CloudBackend/files/Datasheet Interface Composure-PePU.pdf
24.5;Desso;Produit à venir;Yannick_16/12_sur chantier;50x50;Desert B882 2907;960;//cf.appdrag.com/optimal-karpet-21fc7a/uploads/TH-Desert-2917-PbFL.jpg;//cf.appdrag.com/optimal-karpet-21fc7a/CloudBackend/files/Datasheet Desso Desert B882-qWYd.pdf
24.5;Desso;Produit à venir;Yannick_16/12_sur chantier;50x50;Desert B882 9094;240;//cf.appdrag.com/optimal-karpet-21fc7a/uploads/TH-Desert-9094-Hi36.jpg;//cf.appdrag.com/optimal-karpet-21fc7a/CloudBackend/files/Datasheet Desso Desert B882 (1)-wHIK.pdf
25.2;Milliken;Produit à venir;251202-01;45.7x45.7;Culture Canvas ST06-25 One Liner;600;//cf.appdrag.com/optimal-karpet-21fc7a/uploads/SAT06-25-h-r2fm.jpg;//cf.appdrag.com/optimal-karpet-21fc7a/CloudBackend/files/DATASHEET_MILLIKEN_Culture Canvas 45,7x45,7cm_Street Art SAT06-25 ONE LINER-KeuK.pdf
19.6;Interface;Réemploi;251204-01;50x50;Transformation 1628043 Challenger;433;//cf.appdrag.com/optimal-karpet-21fc7a/uploads/Interface-transformation-Chalenger-07sT.jpg;//cf.appdrag.com/optimal-karpet-21fc7a/CloudBackend/files/1628043 CHALLENGER-HduP.pdf
20.6;Desso;Réemploi;250301-01;50x50;Grids SoundMaster 9027;134;//cf.appdrag.com/optimal-karpet-21fc7a/uploads/Grids-9027-O2Ia.jpg;//cf.appdrag.com/optimal-karpet-21fc7a/CloudBackend/files/Datasheet Desso Grids SoundMaster-bSym.pdf
25.2;Interface;Réemploi;260104-01;50x50;Composure 4169020 Secure;126;//cf.appdrag.com/optimal-karpet-21fc7a/uploads/Secure-detail-es8P.jpg;//cf.appdrag.com/optimal-karpet-21fc7a/CloudBackend/files/Datasheet Interface Composure-lxDd.pdf