Handle,Title,Body (HTML),Vendor,Type,Tags,Published,Option1 Name,Option1 Value,Variant SKU,Variant Inventory Tracker,Variant Inventory Qty,Variant Price,Variant Requires Shipping,Variant Taxable,Image Src,Image Position,Image Alt Text,Metafield: recarpet.giz_id [single_line_text_field],Metafield: recarpet.brand [single_line_text_field],Metafield: recarpet.model [single_line_text_field],Metafield: recarpet.colorway [single_line_text_field],Metafield: recarpet.format [single_line_text_field],Metafield: recarpet.origin [single_line_text_field],Metafield: recarpet.stock_sqm [number_decimal],Metafield: recarpet.min_order_sqm [number_decimal],Metafield: recarpet.delivery_days [number_integer],Metafield: recarpet.thickness [single_line_text_field],Metafield: recarpet.fire_rating [single_line_text_field],Metafield: recarpet.acoustic_rating [single_line_text_field],Metafield: recarpet.impact_absorption [single_line_text_field],Metafield: recarpet.lrv [single_line_text_field],Metafield: recarpet.backing [single_line_text_field],Metafield: recarpet.technical_sheet [url],Metafield: recarpet.ecodesigned [boolean]
giz2111002,Balsan — Stoneage — 160/Bleu,<p><strong>Ursprung:</strong> 2021 DEMCO</p>,Balsan,Moquette de réemploi,"b2b,balsan,50×50cm",true,Title,Default Title,GIZ2111002,shopify,67.75,189.00,false,true,,,,GIZ2111002,Balsan,Stoneage,160/BLEU,50×50cm,2021 DEMCO,67.75,,,,,,,,,,
giz2111004,Balsan — Stoneage — 910/Gris,<p><strong>Ursprung:</strong> 2021 DEMCO</p>,Balsan,Moquette de réemploi,"b2b,balsan,50×50cm",true,Title,Default Title,GIZ2111004,shopify,104.75,179.00,false,true,,,,GIZ2111004,Balsan,Stoneage,910/GRIS,50×50cm,2021 DEMCO,104.75,,,,,,,,,,
giz2111008,Interface — Heuga 727 — Heuga 727 Dark Orchid,<p><strong>Ursprung:</strong> 2021 DEMCO</p>,Interface,Moquette de réemploi,"b2b,interface,50×50cm",true,Title,Default Title,GIZ2111008,shopify,89,229.00,false,true,,,,GIZ2111008,Interface,Heuga 727,HEUGA 727 DARK ORCHID,50×50cm,2021 DEMCO,89,,,,,,,,,,
giz2111013,Interface — Heuga 727 — Heuga 727 Silver,<p><strong>Ursprung:</strong> 2021 DEMCO</p>,Interface,Moquette de réemploi,"b2b,interface,50×50cm",true,Title,Default Title,GIZ2111013,shopify,57.5,199.00,false,true,,,,GIZ2111013,Interface,Heuga 727,HEUGA 727 SILVER,50×50cm,2021 DEMCO,57.5,,,,,,,,,,
giz2112002,Interface — One Line — On Line Granite,<p><strong>Ursprung:</strong> 2021 CARRE MICHELET</p>,Interface,Moquette de réemploi,"b2b,interface,25×100cm",true,Title,Default Title,GIZ2112002,shopify,78.75,219.00,false,true,,,,GIZ2112002,Interface,One Line,ON LINE GRANITE,25×100cm,2021 CARRE MICHELET,78.75,,,,,,,,,,
giz2201001,Cycle Up,<p><strong>Ursprung:</strong> 2022 CYCLE UP</p>,Cycle Up,Moquette de réemploi,"b2b,cycle up,50×50cm",true,Title,Default Title,GIZ2201001,shopify,212.75,159.00,false,true,,,,GIZ2201001,Cycle Up,,,50×50cm,2022 CYCLE UP,212.75,,,,,,,,,,
giz2201002,Cycle Up — Flow,<p><strong>Ursprung:</strong> 2022 CYCLE UP</p>,Cycle Up,Moquette de réemploi,"b2b,cycle up,50×50cm",true,Title,Default Title,GIZ2201002,shopify,58.75,169.00,false,true,,,,GIZ2201002,Cycle Up,Flow,,50×50cm,2022 CYCLE UP,58.75,,,,,,,,,,
giz2202010,Interface — Composure — 4169002 Diffuse,<p><strong>Ursprung:</strong> 2022 TRILOGI/LUMIERE BERCY</p>,Interface,Moquette de réemploi,"b2b,interface,50×50cm",true,Title,Default Title,GIZ2202010,shopify,94.5,299.00,false,true,,,,GIZ2202010,Interface,Composure,4169002 DIFFUSE,50×50cm,2022 TRILOGI/LUMIERE BERCY,94.5,,,,,,,,,,
giz2203001,Shaw Contract — Pixel Square — 53516 Beige,<p><strong>Ursprung:</strong> 2022 GEORGES</p>,Shaw Contract,Moquette de réemploi,"b2b,shaw contract,50×50cm",true,Title,Default Title,GIZ2203001,shopify,156.75,249.00,false,true,,,,GIZ2203001,Shaw Contract,Pixel Square,53516 BEIGE,50×50cm,2022 GEORGES,156.75,,,,,,,,,,
giz2203004,Interface — Syncopation Ii — Col 324111 Bleu Et Noir,<p><strong>Ursprung:</strong> 2022 AREVA GEMCO</p>,Interface,Moquette de réemploi,"b2b,interface,50×50cm",true,Title,Default Title,GIZ2203004,shopify,151.75,279.00,false,true,,,,GIZ2203004,Interface,Syncopation Ii,COL 324111 BLEU et NOIR,50×50cm,2022 AREVA GEMCO,151.75,,,,,,,,,,
giz2203005,Desso — Scape — Marron,<p><strong>Ursprung:</strong> 2022 ORACLE</p>,Desso,Moquette de réemploi,"b2b,desso,50×50cm",true,Title,Default Title,GIZ2203005,shopify,413,,false,true,,,,GIZ2203005,Desso,Scape,MARRON,50×50cm,2022 ORACLE,413,,,,,,,,,,
giz2204002,Milliken — Straight Talk (Snap Back) — Crème Brulée,<p><strong>Ursprung:</strong> 2022 RAJA</p>,Milliken,Moquette de réemploi,"b2b,milliken",true,Title,Default Title,GIZ2204002,shopify,191,,false,true,,,,GIZ2204002,Milliken,Straight Talk (Snap Back),CRÈME BRULÉE,,2022 RAJA,191,,,,,,,,,,
giz2204005,Desso — Halo 9091,<p><strong>Ursprung:</strong> 2022 OPUS 12</p>,Desso,Moquette de réemploi,"b2b,desso,50×50cm",true,Title,Default Title,GIZ2204005,shopify,561,,false,true,,,,GIZ2204005,Desso,,Halo 9091,50×50cm,2022 OPUS 12,561,,,,,,,,,,
giz2205004,Balsan — Pilote — 770 Marron,<p><strong>Ursprung:</strong> 2022 Strasbourg/ strasol</p>,Balsan,Moquette de réemploi,"b2b,balsan,50×50cm",true,Title,Default Title,GIZ2205004,shopify,113,,false,true,,,,GIZ2205004,Balsan,Pilote,770 MARRON,50×50cm,2022 Strasbourg/ strasol,113,,,,,,,,,,
giz2205007,Rima — Bleu,<p><strong>Ursprung:</strong> 2022 GRENOBLE/EYBENS</p>,Rima,Moquette de réemploi,"b2b,rima,50×50cm",true,Title,Default Title,GIZ2205007,shopify,105.5,,false,true,,,,GIZ2205007,Rima,,BLEU,50×50cm,2022 GRENOBLE/EYBENS,105.5,,,,,,,,,,
giz2206001,Interface — Composure — 4169002 Diffuse,<p><strong>Ursprung:</strong> 2022 NANTES</p>,Interface,Moquette de réemploi,"b2b,interface,50×50cm",true,Title,Default Title,GIZ2206001,shopify,188,,false,true,,,,GIZ2206001,Interface,Composure,4169002 DIFFUSE,50×50cm,2022 NANTES,188,,,,,,,,,,
giz2206006,Balsan — Stoneage — 710 Marron,<p><strong>Ursprung:</strong> 2022 POSTE BRUNE</p>,Balsan,Moquette de réemploi,"b2b,balsan,50×50cm",true,Title,Default Title,GIZ2206006,shopify,104.25,,false,true,,,,GIZ2206006,Balsan,Stoneage,710 MARRON,50×50cm,2022 POSTE BRUNE,104.25,,,,,,,,,,
giz2208007,Balsan — Pilote — Gris/Noir,<p><strong>Ursprung:</strong> 2022 MONTPELLIER</p>,Balsan,Moquette de réemploi,"b2b,balsan,50×50 cm",true,Title,Default Title,GIZ2208007,shopify,179,,false,true,,,,GIZ2208007,Balsan,Pilote,GRIS/NOIR,50×50 cm,2022 MONTPELLIER,179,,,,,,,,,,
giz2208011,Tecsom — ???? — Marron,<p><strong>Ursprung:</strong> 2022 KARDHAM montreuil JASON</p>,Tecsom,Moquette de réemploi,"b2b,tecsom,50×50cm",true,Title,Default Title,GIZ2208011,shopify,81,,false,true,,,,GIZ2208011,Tecsom,????,MARRON,50×50cm,2022 KARDHAM montreuil JASON,81,,,,,,,,,,
giz2209001,Interface — Progression — Daylight9080001,<p><strong>Ursprung:</strong> 2022 BNP REAL ESTATE</p>,Interface,Moquette de réemploi,"b2b,interface,100×25cm",true,Title,Default Title,GIZ2209001,shopify,258.5,,false,true,,,,GIZ2209001,Interface,Progression,DAYLIGHT9080001,100×25cm,2022 BNP REAL ESTATE,258.5,,,,,,,,,,
giz2209004,Desso — Protect — 9990,<p><strong>Ursprung:</strong> 2022 CIC Bvd provence</p>,Desso,Moquette de réemploi,"b2b,desso,50×50cm",true,Title,Default Title,GIZ2209004,shopify,315,,false,true,,,,GIZ2209004,Desso,Protect,9990,50×50cm,2022 CIC Bvd provence,315,,,,,,,,,,
giz2209010,Milliken — Consequence 2.0 — Ups144 152L   Gris,<p><strong>Ursprung:</strong> 2022 BNP REAL ESTATE</p>,Milliken,Moquette de réemploi,"b2b,milliken,50×50cm",true,Title,Default Title,GIZ2209010,shopify,111.25,,false,true,,,,GIZ2209010,Milliken,Consequence 2.0,UPS144 152L   GRIS,50×50cm,2022 BNP REAL ESTATE,111.25,,,,,,,,,,
giz2210001,Interface — Transformation — Col345504,<p><strong>Ursprung:</strong> 2022 IMA NIORT</p>,Interface,Moquette de réemploi,"b2b,interface,50×50cm",true,Title,Default Title,GIZ2210001,shopify,123.75,,false,true,,,,GIZ2210001,Interface,Transformation,COL345504,50×50cm,2022 IMA NIORT,123.75,,,,,,,,,,
giz2210002,Interface — Composure — Abyss,<p><strong>Ursprung:</strong> 2022 AREVA</p>,Interface,Moquette de réemploi,"b2b,interface,50×50cm",true,Title,Default Title,GIZ2210002,shopify,187.75,,false,true,,,,GIZ2210002,Interface,Composure,ABYSS,50×50cm,2022 AREVA,187.75,,,,,,,,,,
giz2210003,Interface — Composure — Diffuse,<p><strong>Ursprung:</strong> 2022 AREVA</p>,Interface,Moquette de réemploi,"b2b,interface,50×50cm",true,Title,Default Title,GIZ2210003,shopify,66,,false,true,,,,GIZ2210003,Interface,Composure,DIFFUSE,50×50cm,2022 AREVA,66,,,,,,,,,,
giz2210004,Interface — Composure — Harbour,<p><strong>Ursprung:</strong> 2022 AREVA</p>,Interface,Moquette de réemploi,"b2b,interface,50×50cm",true,Title,Default Title,GIZ2210004,shopify,116.5,,false,true,,,,GIZ2210004,Interface,Composure,HARBOUR,50×50cm,2022 AREVA,116.5,,,,,,,,,,
giz2210006,Interface — Transformation — Col345520 Moorland,<p><strong>Ursprung:</strong> 2022 URSAFF</p>,Interface,Moquette de réemploi,"b2b,interface,50×50cm",true,Title,Default Title,GIZ2210006,shopify,236,,false,true,,,,GIZ2210006,Interface,Transformation,COL345520 MOORLAND,50×50cm,2022 URSAFF,236,,,,,,,,,,
giz2210010,Interface — Equilibrium — Col304298Uniformity,<p><strong>Ursprung:</strong> 2022 URSAFF</p>,Interface,Moquette de réemploi,"b2b,interface,50×50cm",true,Title,Default Title,GIZ2210010,shopify,189.5,,false,true,,,,GIZ2210010,Interface,Equilibrium,COL304298UNIFORMITY,50×50cm,2022 URSAFF,189.5,,,,,,,,,,
giz2211004,Desso — Palatino — Palatino A072 4107,<p><strong>Ursprung:</strong> 2022 ST OUEN</p>,Desso,Moquette de réemploi,"b2b,desso,50×50cm",true,Title,Default Title,GIZ2211004,shopify,92.25,,false,true,,,,GIZ2211004,Desso,Palatino,PALATINO A072 4107,50×50cm,2022 ST OUEN,92.25,,,,,,,,,,
giz2211005,Tecsom — ??? — Marron,<p><strong>Ursprung:</strong> 2022 ST OUEN</p>,Tecsom,Moquette de réemploi,"b2b,tecsom,50×50cm",true,Title,Default Title,GIZ2211005,shopify,65.25,,false,true,,,,GIZ2211005,Tecsom,???,MARRON,50×50cm,2022 ST OUEN,65.25,,,,,,,,,,
giz2211010,Balsan — Pilote — Gris Clair,<p><strong>Ursprung:</strong> 2022 OBREA PARIS</p>,Balsan,Moquette de réemploi,"b2b,balsan,50×50cm",true,Title,Default Title,GIZ2211010,shopify,170,,false,true,,,,GIZ2211010,Balsan,Pilote,GRIS CLAIR,50×50cm,2022 OBREA PARIS,170,,,,,,,,,,
giz2212008,Interface — Tatami — Noir/Jaune,<p><strong>Ursprung:</strong> 2022 NANTES</p>,Interface,Moquette de réemploi,"b2b,interface,50×50cm",true,Title,Default Title,GIZ2212008,shopify,106.25,,false,true,,,,GIZ2212008,Interface,Tatami,NOIR/JAUNE,50×50cm,2022 NANTES,106.25,,,,,,,,,,
giz2212009,Interface — Composure Edge — Abyss/Diffuse,<p><strong>Ursprung:</strong> 2022 AREVA</p>,Interface,Moquette de réemploi,"b2b,interface,50×50cm",true,Title,Default Title,GIZ2212009,shopify,129.5,,false,true,,,,GIZ2212009,Interface,Composure Edge,Abyss/Diffuse,50×50cm,2022 AREVA,129.5,,,,,,,,,,
giz2212014,Milliken — Forwork — Volute,<p><strong>Ursprung:</strong> 2022 ST DENIS RU LANDY</p>,Milliken,Moquette de réemploi,"b2b,milliken,50×50cm",true,Title,Default Title,GIZ2212014,shopify,98.75,,false,true,,,,GIZ2212014,Milliken,Forwork,VOLUTE,50×50cm,2022 ST DENIS RU LANDY,98.75,,,,,,,,,,
giz2301004,Shaw Contract — 5T253 Rectangle — 53518 Pewter,<p><strong>Ursprung:</strong> 2022 SHAW CONTRACT</p>,Shaw Contract,Moquette de réemploi,"b2b,shaw contract,25×100cm",true,Title,Default Title,GIZ2301004,shopify,200,,false,true,,,,GIZ2301004,Shaw Contract,5T253 Rectangle,53518 PEWTER,25×100cm,2022 SHAW CONTRACT,200,,,,,,,,,,
giz2301005,Shaw Contract — 5T253 Rectangle — 53516 Beige,<p><strong>Ursprung:</strong> 2022 SHAW CONTRACT</p>,Shaw Contract,Moquette de réemploi,"b2b,shaw contract,25×100cm",true,Title,Default Title,GIZ2301005,shopify,290,,false,true,,,,GIZ2301005,Shaw Contract,5T253 Rectangle,53516 BEIGE,25×100cm,2022 SHAW CONTRACT,290,,,,,,,,,,
giz2301006,Shaw Contract — 5T253 Rectangle — 53549 Graphite,<p><strong>Ursprung:</strong> 2022 SHAW CONTRACT</p>,Shaw Contract,Moquette de réemploi,"b2b,shaw contract,25×100cm",true,Title,Default Title,GIZ2301006,shopify,55,,false,true,,,,GIZ2301006,Shaw Contract,5T253 Rectangle,53549 GRAPHITE,25×100cm,2022 SHAW CONTRACT,55,,,,,,,,,,
giz2301008,Modulyss — Spark — 140 Beige Foncé,<p><strong>Ursprung:</strong> 2023 15 EME</p>,Modulyss,Moquette de réemploi,"b2b,modulyss,50×50cm",true,Title,Default Title,GIZ2301008,shopify,337.25,,false,true,,,,GIZ2301008,Modulyss,Spark,140 BEIGE FONCÉ,50×50cm,2023 15 EME,337.25,,,,,,,,,,
giz2301009,Modulyss — Beige Clair??? — Beige Clair,<p><strong>Ursprung:</strong> 2023 15 EME</p>,Modulyss,Moquette de réemploi,"b2b,modulyss,50×50cm",true,Title,Default Title,GIZ2301009,shopify,78.5,,false,true,,,,GIZ2301009,Modulyss,Beige Clair???,BEIGE CLAIR,50×50cm,2023 15 EME,78.5,,,,,,,,,,
giz2301010,Desso — Linon — Linon Aa83 9508,<p><strong>Ursprung:</strong> 2023 TESSI  BOULOGNE</p>,Desso,Moquette de réemploi,"b2b,desso,50×50cm",true,Title,Default Title,GIZ2301010,shopify,203,,false,true,,,,GIZ2301010,Desso,Linon,Linon AA83 9508,50×50cm,2023 TESSI  BOULOGNE,203,,,,,,,,,,
giz2301011,Desso — Flow — 1432635 Gris,<p><strong>Ursprung:</strong> 2023 THALES VELIZY</p>,Desso,Moquette de réemploi,"b2b,desso,50×50cm",true,Title,Default Title,GIZ2301011,shopify,74,,false,true,,,,GIZ2301011,Desso,Flow,1432635 GRIS,50×50cm,2023 THALES VELIZY,74,,,,,,,,,,
giz2302003,Milliken — Change Agent — Compound Magic-Purealchemy,<p><strong>Ursprung:</strong> MORNING CAMBACERES</p>,Milliken,Moquette de réemploi,"b2b,milliken,100×25cm",true,Title,Default Title,GIZ2302003,shopify,56.75,,false,true,,,,GIZ2302003,Milliken,Change Agent,COMPOUND MAGIC-PUREALCHEMY,100×25cm,MORNING CAMBACERES,56.75,,,,,,,,,,
giz2302005,Milliken — Laylines — Gris/Noir,<p><strong>Ursprung:</strong> SAP LEVALLOIS</p>,Milliken,Moquette de réemploi,"b2b,milliken",true,Title,Default Title,GIZ2302005,shopify,649.7500000000001,,false,true,,,,GIZ2302005,Milliken,Laylines,GRIS/NOIR,,SAP LEVALLOIS,649.7500000000001,,,,,,,,,,
giz2302006,Desso — Grain — B867 1908,<p><strong>Ursprung:</strong> VIA VERDE NANTERRE</p>,Desso,Moquette de réemploi,"b2b,desso,50×50cm",true,Title,Default Title,GIZ2302006,shopify,162.75,,false,true,,,,GIZ2302006,Desso,Grain,B867 1908,50×50cm,VIA VERDE NANTERRE,162.75,,,,,,,,,,
giz2303001,Milliken — Nordic Stories Tectonic — Noir Ttc171-67 Oresund Bridge,<p><strong>Ursprung:</strong> TOUR PACIFIQUE</p>,Milliken,Moquette de réemploi,"b2b,milliken,50×50cm",true,Title,Default Title,GIZ2303001,shopify,98.5,,false,true,,,,GIZ2303001,Milliken,Nordic Stories Tectonic,NOIR TTC171-67 Oresund Bridge,50×50cm,TOUR PACIFIQUE,98.5,,,,,,,,,,
giz2303002,Interface — Composure — Reserved 4169016,<p><strong>Ursprung:</strong> MONTREUIL</p>,Interface,Moquette de réemploi,"b2b,interface,50×50cm",true,Title,Default Title,GIZ2303002,shopify,64,,false,true,,,,GIZ2303002,Interface,Composure,RESERVED 4169016,50×50cm,MONTREUIL,64,,,,,,,,,,
giz2303004,Modulyss — Beige Clair??? — Beige Clair,<p><strong>Ursprung:</strong> VIA VERDE NANTERRE</p>,Modulyss,Moquette de réemploi,"b2b,modulyss,50×50cm",true,Title,Default Title,GIZ2303004,shopify,171.5,,false,true,,,,GIZ2303004,Modulyss,Beige Clair???,BEIGE CLAIR,50×50cm,VIA VERDE NANTERRE,171.5,,,,,,,,,,
giz2303005,Modulyss — Online — 438,<p><strong>Ursprung:</strong> CREDIT AGRICOLE GUYANCOURT</p>,Modulyss,Moquette de réemploi,"b2b,modulyss,50×50cm",true,Title,Default Title,GIZ2303005,shopify,499.5,,false,true,,,,GIZ2303005,Modulyss,Online,438,50×50cm,CREDIT AGRICOLE GUYANCOURT,499.5,,,,,,,,,,
giz2303007,Interface — Em552 — 7888008 Oltown Ave,<p><strong>Ursprung:</strong> MORNING LAFITTE</p>,Interface,Moquette de réemploi,"b2b,interface,25×100cm",true,Title,Default Title,GIZ2303007,shopify,224.75,,false,true,,,,GIZ2303007,Interface,Em552,7888008 OLTOWN AVE,25×100cm,MORNING LAFITTE,224.75,,,,,,,,,,
giz2304002,Interface — Transformation — 118626,<p><strong>Ursprung:</strong> CAMBRONNE</p>,Interface,Moquette de réemploi,"b2b,interface,50×50cm",true,Title,Default Title,GIZ2304002,shopify,66.5,,false,true,,,,GIZ2304002,Interface,Transformation,118626,50×50cm,CAMBRONNE,66.5,,,,,,,,,,
giz2304003,Desso — Scape — Gris,<p><strong>Ursprung:</strong> MATILAN</p>,Desso,Moquette de réemploi,"b2b,desso,50×50cm",true,Title,Default Title,GIZ2304003,shopify,196.75,,false,true,,,,GIZ2304003,Desso,Scape,GRIS,50×50cm,MATILAN,196.75,,,,,,,,,,
giz2304005,Interface — Em553 — Oldtown Blvd 7889008,<p><strong>Ursprung:</strong> MORNING LAFITTE</p>,Interface,Moquette de réemploi,"b2b,interface,25×100cm",true,Title,Default Title,GIZ2304005,shopify,425.5,,false,true,,,,GIZ2304005,Interface,Em553,OLDTOWN BLVD 7889008,25×100cm,MORNING LAFITTE,425.5,,,,,,,,,,
giz2304006,Interface — Em551 — Oldtown St 7887008,<p><strong>Ursprung:</strong> MORNING LAFITTE</p>,Interface,Moquette de réemploi,"b2b,interface,25×100cm",true,Title,Default Title,GIZ2304006,shopify,175.75,,false,true,,,,GIZ2304006,Interface,Em551,OLDTOWN ST 7887008,25×100cm,MORNING LAFITTE,175.75,,,,,,,,,,
giz2305004,Interface — Heuga 580 — Bleu Col 5142,<p><strong>Ursprung:</strong> quai de la rapée</p>,Interface,Moquette de réemploi,"b2b,interface,50×50cm",true,Title,Default Title,GIZ2305004,shopify,71,,false,true,,,,GIZ2305004,Interface,Heuga 580,BLEU COL 5142,50×50cm,quai de la rapée,71,,,,,,,,,,
giz2305005,Desso — Esco Lita — Noir,<p><strong>Ursprung:</strong> PARIAZ SURESNES</p>,Desso,Moquette de réemploi,"b2b,desso,50×50cm",true,Title,Default Title,GIZ2305005,shopify,80,,false,true,,,,GIZ2305005,Desso,Esco Lita,NOIR,50×50cm,PARIAZ SURESNES,80,,,,,,,,,,
giz2305006,Desso — Esco Lita — Gris Clair,<p><strong>Ursprung:</strong> PARIAZ SURESNES</p>,Desso,Moquette de réemploi,"b2b,desso,50×50cm",true,Title,Default Title,GIZ2305006,shopify,124.75,,false,true,,,,GIZ2305006,Desso,Esco Lita,GRIS CLAIR,50×50cm,PARIAZ SURESNES,124.75,,,,,,,,,,
giz2305008,Tecsom — 3600 Green System — Gris  00031,<p><strong>Ursprung:</strong> MALAKOF MEDERIC</p>,Tecsom,Moquette de réemploi,"b2b,tecsom,50×50cm",true,Title,Default Title,GIZ2305008,shopify,69.5,,false,true,,,,GIZ2305008,Tecsom,3600 Green System,GRIS  00031,50×50cm,MALAKOF MEDERIC,69.5,,,,,,,,,,
giz2305009,Balsan — Stoneage — Pas Trouve Pour Moi Pas 730 Et Pas 750,<p><strong>Ursprung:</strong> CHANTIER AUBER</p>,Balsan,Moquette de réemploi,"b2b,balsan,50×50cm",true,Title,Default Title,GIZ2305009,shopify,53.5,,false,true,,,,GIZ2305009,Balsan,Stoneage,PAS TROUVE POUR MOI PAS 730 ET PAS 750,50×50cm,CHANTIER AUBER,53.5,,,,,,,,,,
giz2305010,Interface — Touch Of Timber — Ash 4191006,<p><strong>Ursprung:</strong> MALAKOF MEDERIC</p>,Interface,Moquette de réemploi,"b2b,interface,100×25cm",true,Title,Default Title,GIZ2305010,shopify,170.75,,false,true,,,,GIZ2305010,Interface,Touch Of Timber,ASH 4191006,100×25cm,MALAKOF MEDERIC,170.75,,,,,,,,,,
giz2305011,Interface — Transformation — Nightshade 1628067,<p><strong>Ursprung:</strong> AXA LYON</p>,Interface,Moquette de réemploi,"b2b,interface,50×50cm",true,Title,Default Title,GIZ2305011,shopify,103,,false,true,,,,GIZ2305011,Interface,Transformation,NIGHTSHADE 1628067,50×50cm,AXA LYON,103,,,,,,,,,,
giz2306001,Desso — Field — Fields B751 9098,<p><strong>Ursprung:</strong> LVMH</p>,Desso,Moquette de réemploi,"b2b,desso,50×50cm",true,Title,Default Title,GIZ2306001,shopify,91.75,,false,true,,,,GIZ2306001,Desso,Field,Fields B751 9098,50×50cm,LVMH,91.75,,,,,,,,,,
giz2306002,Desso — Essence — Aa90 9515,<p><strong>Ursprung:</strong> Nantes Chantier Cushman/IWG</p>,Desso,Moquette de réemploi,"b2b,desso,50×50cm",true,Title,Default Title,GIZ2306002,shopify,287,,false,true,,,,GIZ2306002,Desso,Essence,AA90 9515,50×50cm,Nantes Chantier Cushman/IWG,287,,,,,,,,,,
giz2306003,Milliken — Outofshadow — Gris,<p><strong>Ursprung:</strong> GLOBAL NEUILLY</p>,Milliken,Moquette de réemploi,"b2b,milliken,50×50cm",true,Title,Default Title,GIZ2306003,shopify,138.75,,false,true,,,,GIZ2306003,Milliken,Outofshadow,GRIS,50×50cm,GLOBAL NEUILLY,138.75,,,,,,,,,,
giz2306006,Inconnu — Lipstick — Rouge,<p><strong>Ursprung:</strong> AXA LYON</p>,Inconnu,Moquette de réemploi,"b2b,inconnu,50×50cm",true,Title,Default Title,GIZ2306006,shopify,62.75,,false,true,,,,GIZ2306006,Inconnu,Lipstick,ROUGE,50×50cm,AXA LYON,62.75,,,,,,,,,,
giz2306008,Balsan — Avenue Metropolitan — Beige 610,<p><strong>Ursprung:</strong> BARBIN ANGER</p>,Balsan,Moquette de réemploi,"b2b,balsan,50×50cm",true,Title,Default Title,GIZ2306008,shopify,487.5,,false,true,,,,GIZ2306008,Balsan,Avenue Metropolitan,BEIGE 610,50×50cm,BARBIN ANGER,487.5,,,,,,,,,,
giz2306009,Desso — Flow — Marron,<p><strong>Ursprung:</strong> OVALIE</p>,Desso,Moquette de réemploi,"b2b,desso,50×50cm",true,Title,Default Title,GIZ2306009,shopify,253,,false,true,,,,GIZ2306009,Desso,Flow,MARRON,50×50cm,OVALIE,253,,,,,,,,,,
giz2307002,Desso — Wave — 9502,<p><strong>Ursprung:</strong> ALTERIA VALHUBERT</p>,Desso,Moquette de réemploi,"b2b,desso,50×50cm",true,Title,Default Title,GIZ2307002,shopify,211,,false,true,,,,GIZ2307002,Desso,Wave,9502,50×50cm,ALTERIA VALHUBERT,211,,,,,,,,,,
giz2307004,Balsan — Ecopilote — 110,<p><strong>Ursprung:</strong> 77 ESPLANADE PUTEAUX</p>,Balsan,Moquette de réemploi,"b2b,balsan,50×50cm",true,Title,Default Title,GIZ2307004,shopify,122.5,,false,true,,,,GIZ2307004,Balsan,Ecopilote,110,50×50cm,77 ESPLANADE PUTEAUX,122.5,,,,,,,,,,
giz2307005,Balsan — Canyon — Beige 610,<p><strong>Ursprung:</strong> AV DE VILLARS</p>,Balsan,Moquette de réemploi,"b2b,balsan,50×50cm",true,Title,Default Title,GIZ2307005,shopify,155,,false,true,,,,GIZ2307005,Balsan,Canyon,BEIGE 610,50×50cm,AV DE VILLARS,155,,,,,,,,,,
giz2307010,Balsan — Carré Couture — Dorius 600,<p><strong>Ursprung:</strong> JF</p>,Balsan,Moquette de réemploi,"b2b,balsan,50×50cm",true,Title,Default Title,GIZ2307010,shopify,82.25,,false,true,,,,GIZ2307010,Balsan,Carré Couture,DORIUS 600,50×50cm,JF,82.25,,,,,,,,,,
giz2307011,Balsan — Scope Hd Ptm — 607,<p><strong>Ursprung:</strong> JF</p>,Balsan,Moquette de réemploi,"b2b,balsan,50×50cm",true,Title,Default Title,GIZ2307011,shopify,79,,false,true,,,,GIZ2307011,Balsan,Scope Hd Ptm,607,50×50cm,JF,79,,,,,,,,,,
giz2307014,Vorwek,<p><strong>Ursprung:</strong> HOCH PARIS</p>,Vorwek,Moquette de réemploi,"b2b,vorwek,50×50cm",true,Title,Default Title,GIZ2307014,shopify,97.75,,false,true,,,,GIZ2307014,Vorwek,,,50×50cm,HOCH PARIS,97.75,,,,,,,,,,
giz2307016,Interface — Equilibrium — 1190022 Symmetry,<p><strong>Ursprung:</strong> ST LAZARE</p>,Interface,Moquette de réemploi,"b2b,interface,50×50cm",true,Title,Default Title,GIZ2307016,shopify,72,,false,true,,,,GIZ2307016,Interface,Equilibrium,1190022 SYMMETRY,50×50cm,ST LAZARE,72,,,,,,,,,,
giz2307019,Interface — On Line — Biscuit 7335001,<p><strong>Ursprung:</strong> GECINA</p>,Interface,Moquette de réemploi,"b2b,interface,25×100cm",true,Title,Default Title,GIZ2307019,shopify,73.75,,false,true,,,,GIZ2307019,Interface,On Line,BISCUIT 7335001,25×100cm,GECINA,73.75,,,,,,,,,,
giz2307020,Balsan — Pilote — 710????,<p><strong>Ursprung:</strong> BMA CLICHY</p>,Balsan,Moquette de réemploi,"b2b,balsan",true,Title,Default Title,GIZ2307020,shopify,292.5,,false,true,,,,GIZ2307020,Balsan,Pilote,710????,,BMA CLICHY,292.5,,,,,,,,,,
giz2308004,Desso — Scape — Beige Col 3010,<p><strong>Ursprung:</strong> ALTERIA VALHUBERT</p>,Desso,Moquette de réemploi,"b2b,desso,50×50cm",true,Title,Default Title,GIZ2308004,shopify,64.5,,false,true,,,,GIZ2308004,Desso,Scape,BEIGE COL 3010,50×50cm,ALTERIA VALHUBERT,64.5,,,,,,,,,,
giz2309001,Interface — New Horizon Ii — 5589 Carbon,<p><strong>Ursprung:</strong> RUE D4ANJOU</p>,Interface,Moquette de réemploi,"b2b,interface,50×50cm",true,Title,Default Title,GIZ2309001,shopify,118.25,,false,true,,,,GIZ2309001,Interface,New Horizon Ii,5589 CARBON,50×50cm,RUE D4ANJOU,118.25,,,,,,,,,,
giz2309007,Interface — Composure — 4169003 Solitude,<p><strong>Ursprung:</strong> AVANT SEINE</p>,Interface,Moquette de réemploi,"b2b,interface,50×50cm",true,Title,Default Title,GIZ2309007,shopify,182,,false,true,,,,GIZ2309007,Interface,Composure,4169003 SOLITUDE,50×50cm,AVANT SEINE,182,,,,,,,,,,
giz2309008,Interface — Interlay — Juste Sous Couche,<p><strong>Ursprung:</strong> AVANT SEINE</p>,Interface,Moquette de réemploi,"b2b,interface,50×50CM",true,Title,Default Title,GIZ2309008,shopify,105,,false,true,,,,GIZ2309008,Interface,Interlay,JUSTE SOUS COUCHE,50×50CM,AVANT SEINE,105,,,,,,,,,,
giz2309010,Balsan — Batik — 970,<p><strong>Ursprung:</strong> ETIK BOULOGNE</p>,Balsan,Moquette de réemploi,"b2b,balsan,50×50cm",true,Title,Default Title,GIZ2309010,shopify,97,,false,true,,,,GIZ2309010,Balsan,Batik,970,50×50cm,ETIK BOULOGNE,97,,,,,,,,,,
giz2310001,Tecsom — 3580 City Square — 32,<p><strong>Ursprung:</strong> JF NANTERRE</p>,Tecsom,Moquette de réemploi,"b2b,tecsom,50×50cm",true,Title,Default Title,GIZ2310001,shopify,150.5,,false,true,,,,GIZ2310001,Tecsom,3580 City Square,32,50×50cm,JF NANTERRE,150.5,,,,,,,,,,
giz2310003,Milliken — Urban Sketch — Oyster Shell,<p><strong>Ursprung:</strong> MILLIKEN</p>,Milliken,Moquette de réemploi,"b2b,milliken,50×50cm",true,Title,Default Title,GIZ2310003,shopify,78,,false,true,,,,GIZ2310003,Milliken,Urban Sketch,OYSTER SHELL,50×50cm,MILLIKEN,78,,,,,,,,,,
giz2310005,Balsan — Wintter — Bleu 185,<p><strong>Ursprung:</strong> VPP 94 SEBASTIEN</p>,Balsan,Moquette de réemploi,"b2b,balsan,50×50cm",true,Title,Default Title,GIZ2310005,shopify,154,,false,true,,,,GIZ2310005,Balsan,Wintter,BLEU 185,50×50cm,VPP 94 SEBASTIEN,154,,,,,,,,,,
giz2310006,Balsan — Avenue — 960 Gris,<p><strong>Ursprung:</strong> POITIER</p>,Balsan,Moquette de réemploi,"b2b,balsan,50×50cm",true,Title,Default Title,GIZ2310006,shopify,256.25,,false,true,,,,GIZ2310006,Balsan,Avenue,960 GRIS,50×50cm,POITIER,256.25,,,,,,,,,,
giz2310007,Desso — Flow — Gris,<p><strong>Ursprung:</strong> TOUR ALLIANZ</p>,Desso,Moquette de réemploi,"b2b,desso,50×50cm",true,Title,Default Title,GIZ2310007,shopify,66.25,,false,true,,,,GIZ2310007,Desso,Flow,GRIS,50×50cm,TOUR ALLIANZ,66.25,,,,,,,,,,
giz2311001,Milliken — Per Contra Otc — Union Gris,<p><strong>Ursprung:</strong> ONE MONCEAU</p>,Milliken,Moquette de réemploi,"b2b,milliken",true,Title,Default Title,GIZ2311001,shopify,97.75,,false,true,,,,GIZ2311001,Milliken,Per Contra Otc,UNION GRIS,,ONE MONCEAU,97.75,,,,,,,,,,
giz2311005,Interface — Composure — Transcribe Item 4169007,<p><strong>Ursprung:</strong> STRASBOURG</p>,Interface,Moquette de réemploi,"b2b,interface,50×50cm",true,Title,Default Title,GIZ2311005,shopify,85.5,,false,true,,,,GIZ2311005,Interface,Composure,TRANSCRIBE ITEM 4169007,50×50cm,STRASBOURG,85.5,,,,,,,,,,
giz2311007,Interface — Ww890 — Black Dobby Item 8113004,<p><strong>Ursprung:</strong> STRASBOURG</p>,Interface,Moquette de réemploi,"b2b,interface,100×25cm",true,Title,Default Title,GIZ2311007,shopify,59.25,,false,true,,,,GIZ2311007,Interface,Ww890,BLACK DOBBY ITEM 8113004,100×25cm,STRASBOURG,59.25,,,,,,,,,,
giz2311008,Interface — Ww890 — Naturel Dobby Item 8113006,<p><strong>Ursprung:</strong> STRASBOURG</p>,Interface,Moquette de réemploi,"b2b,interface,100×25cm",true,Title,Default Title,GIZ2311008,shopify,65.5,,false,true,,,,GIZ2311008,Interface,Ww890,NATUREL DOBBY ITEM 8113006,100×25cm,STRASBOURG,65.5,,,,,,,,,,
giz2311009,Desso — Desert — Beige B882 2917,<p><strong>Ursprung:</strong> SOWORK - SR SERVICES</p>,Desso,Moquette de réemploi,"b2b,desso,50×50cm",true,Title,Default Title,GIZ2311009,shopify,599.75,,false,true,,,,GIZ2311009,Desso,Desert,BEIGE B882 2917,50×50cm,SOWORK - SR SERVICES,599.75,,,,,,,,,,
giz2311011,Interface — Hn810 — 7617004 Calcèle,<p><strong>Ursprung:</strong> FRANCE GALOP</p>,Interface,Moquette de réemploi,"b2b,interface,100×25cm",true,Title,Default Title,GIZ2311011,shopify,154.75,,false,true,,,,GIZ2311011,Interface,Hn810,7617004 Calcèle,100×25cm,FRANCE GALOP,154.75,,,,,,,,,,
giz2311012,Interface — Hn840 — 7619004 Limestone,<p><strong>Ursprung:</strong> FRANCE GALOP</p>,Interface,Moquette de réemploi,"b2b,interface,100×25cm",true,Title,Default Title,GIZ2311012,shopify,88.5,,false,true,,,,GIZ2311012,Interface,Hn840,7619004 Limestone,100×25cm,FRANCE GALOP,88.5,,,,,,,,,,
giz2311013,Tecsom — Linear Spirit Bicolore — Gris Moyen 135240505 00031,<p><strong>Ursprung:</strong> WORMSER</p>,Tecsom,Moquette de réemploi,"b2b,tecsom",true,Title,Default Title,GIZ2311013,shopify,54,,false,true,,,,GIZ2311013,Tecsom,Linear Spirit Bicolore,GRIS MOYEN 135240505 00031,,WORMSER,54,,,,,,,,,,
giz2311014,Interface — Hn850 — 7615004 Limestone,<p><strong>Ursprung:</strong> FRANCE GALOP</p>,Interface,Moquette de réemploi,"b2b,interface",true,Title,Default Title,GIZ2311014,shopify,63.5,,false,true,,,,GIZ2311014,Interface,Hn850,7615004 Limestone,,FRANCE GALOP,63.5,,,,,,,,,,
giz2311016,Interface — Comtemplation — Artisana,<p><strong>Ursprung:</strong> BEING</p>,Interface,Moquette de réemploi,"b2b,interface,50×50cm",true,Title,Default Title,GIZ2311016,shopify,247,,false,true,,,,GIZ2311016,Interface,Comtemplation,ARTISANA,50×50cm,BEING,247,,,,,,,,,,
giz2312002,Interface — Elevation — Linen Shade Col307107,<p><strong>Ursprung:</strong> AIRBUS TOULOUSE</p>,Interface,Moquette de réemploi,"b2b,interface,50×50cm",true,Title,Default Title,GIZ2312002,shopify,846.25,,false,true,,,,GIZ2312002,Interface,Elevation,LINEN SHADE COL307107,50×50cm,AIRBUS TOULOUSE,846.25,,,,,,,,,,
giz2312005,Desso — Essence — 8904 Gris,<p><strong>Ursprung:</strong> AIRBUS TOULOUSE</p>,Desso,Moquette de réemploi,"b2b,desso",true,Title,Default Title,GIZ2312005,shopify,559.5,,false,true,,,,GIZ2312005,Desso,Essence,8904 gris,,AIRBUS TOULOUSE,559.5,,,,,,,,,,
giz2312008,Desso — Grids — 9013 Marron,<p><strong>Ursprung:</strong> PREMYS</p>,Desso,Moquette de réemploi,"b2b,desso,50×50CM",true,Title,Default Title,GIZ2312008,shopify,201.25,,false,true,,,,GIZ2312008,Desso,Grids,9013 MARRON,50×50CM,PREMYS,201.25,,,,,,,,,,
giz2312009,Milliken — Polished Concrete — Pol144,<p><strong>Ursprung:</strong> LVT Milliken Bercy</p>,Milliken,Moquette de réemploi,"b2b,milliken",true,Title,Default Title,GIZ2312009,shopify,57.18,,false,true,,,,GIZ2312009,Milliken,Polished Concrete,POL144,,LVT Milliken Bercy,57.18,,,,,,,,,,
giz2401001,Balsan — Bolero — Rouge 570,<p><strong>Ursprung:</strong> YOANNEUROEXPO</p>,Balsan,Moquette de réemploi,"b2b,balsan",true,Title,Default Title,GIZ2401001,shopify,66.2,,false,true,,,,GIZ2401001,Balsan,Bolero,ROUGE 570,,YOANNEUROEXPO,66.2,,,,,,,,,,
giz2401002,Balsan — Bolero — Rouge Clair 560,<p><strong>Ursprung:</strong> YOANNEUROEXPO</p>,Balsan,Moquette de réemploi,"b2b,balsan",true,Title,Default Title,GIZ2401002,shopify,142,,false,true,,,,GIZ2401002,Balsan,Bolero,ROUGE CLAIR 560,,YOANNEUROEXPO,142,,,,,,,,,,
giz2401003,Balsan — Bolero — Jaune 350,<p><strong>Ursprung:</strong> YOANNEUROEXPO</p>,Balsan,Moquette de réemploi,"b2b,balsan",true,Title,Default Title,GIZ2401003,shopify,147.75,,false,true,,,,GIZ2401003,Balsan,Bolero,JAUNE 350,,YOANNEUROEXPO,147.75,,,,,,,,,,
giz2401005,Desso — Desert — Gris 9505,<p><strong>Ursprung:</strong> DEMCO</p>,Desso,Moquette de réemploi,"b2b,desso,50×50cm",true,Title,Default Title,GIZ2401005,shopify,189,,false,true,,,,GIZ2401005,Desso,Desert,GRIS 9505,50×50cm,DEMCO,189,,,,,,,,,,
giz2401006,Desso — Airmaster Desert — Airmaster Aa36 9940,<p><strong>Ursprung:</strong> THE LINK</p>,Desso,Moquette de réemploi,"b2b,desso",true,Title,Default Title,GIZ2401006,shopify,77.5,,false,true,,,,GIZ2401006,Desso,Airmaster Desert,Airmaster AA36 9940,,THE LINK,77.5,,,,,,,,,,
giz2401007,Interface — Lima — Noir Vert Rouge,<p><strong>Ursprung:</strong> VALDELIA LABEGE</p>,Interface,Moquette de réemploi,"b2b,interface",true,Title,Default Title,GIZ2401007,shopify,139.5,,false,true,,,,GIZ2401007,Interface,Lima,NOIR VERT ROUGE,,VALDELIA LABEGE,139.5,,,,,,,,,,
2401009-01,Balsan — Desert — 910 Gris,<p><strong>Ursprung:</strong> CA</p>,Balsan,Moquette de réemploi,"b2b,balsan,50×50cm",true,Title,Default Title,2401009-01,shopify,110.75,,false,true,,,,2401009-01,Balsan,Desert,910 GRIS,50×50cm,CA,110.75,,,,,,,,,,
240201-01,Desso — Natural Nuance — Gris Clair,<p><strong>Ursprung:</strong> MAIF</p>,Desso,Moquette de réemploi,"b2b,desso",true,Title,Default Title,240201-01,shopify,76,,false,true,,,,240201-01,Desso,Natural Nuance,GRIS CLAIR,,MAIF,76,,,,,,,,,,
240202-01,Tecsom — Galerie Bleu Fonce — Bleu Fonce,<p><strong>Ursprung:</strong> ABCD</p>,Tecsom,Moquette de réemploi,"b2b,tecsom",true,Title,Default Title,240202-01,shopify,62.5,,false,true,,,,240202-01,Tecsom,Galerie Bleu Fonce,BLEU FONCE,,ABCD,62.5,,,,,,,,,,
240204-01,Interface — Transforamation — 118626,<p><strong>Ursprung:</strong> BOUYGUES</p>,Interface,Moquette de réemploi,"b2b,interface",true,Title,Default Title,240204-01,shopify,159,,false,true,,,,240204-01,Interface,Transforamation,118626,,BOUYGUES,159,,,,,,,,,,
240207-01,Tecsom — Linear ?????? — 35??????,<p><strong>Ursprung:</strong> VALENTIN</p>,Tecsom,Moquette de réemploi,"b2b,tecsom",true,Title,Default Title,240207-01,shopify,464.25,,false,true,,,,240207-01,Tecsom,Linear ??????,35??????,,VALENTIN,464.25,,,,,,,,,,
240208-01,Desso — Lame,<p><strong>Ursprung:</strong> CAPITAL 8</p>,Desso,Moquette de réemploi,"b2b,desso",true,Title,Default Title,240208-01,shopify,212.25,,false,true,,,,240208-01,Desso,,LAME,,CAPITAL 8,212.25,,,,,,,,,,
240211-01,Balsan — Winter — 640,<p><strong>Ursprung:</strong> OFFICE AND CO HY FIVE</p>,Balsan,Moquette de réemploi,"b2b,balsan",true,Title,Default Title,240211-01,shopify,120,,false,true,,,,240211-01,Balsan,Winter,640,,OFFICE AND CO HY FIVE,120,,,,,,,,,,
240211-02,Balsan — Pilote — 917,<p><strong>Ursprung:</strong> OFFICE AND CO HY FIVE</p>,Balsan,Moquette de réemploi,"b2b,balsan",true,Title,Default Title,240211-02,shopify,102.75,,false,true,,,,240211-02,Balsan,Pilote,917,,OFFICE AND CO HY FIVE,102.75,,,,,,,,,,
240211-06,Interface — Heuga 727 — 4122132 Oyster,<p><strong>Ursprung:</strong> OFFICE AND CO HY FIVE</p>,Interface,Moquette de réemploi,"b2b,interface",true,Title,Default Title,240211-06,shopify,97,,false,true,,,,240211-06,Interface,Heuga 727,4122132 OYSTER,,OFFICE AND CO HY FIVE,97,,,,,,,,,,
240213-01,Forbo — Tessera — Mercury 4376,<p><strong>Ursprung:</strong> KARDHAM MAYFAIR</p>,Forbo,Moquette de réemploi,"b2b,forbo,50×50cm",true,Title,Default Title,240213-01,shopify,818.5,,false,true,,,,240213-01,Forbo,Tessera,MERCURY 4376,50×50cm,KARDHAM MAYFAIR,818.5,,,,,,,,,,
240304-02,Desso — Grids — Bleu,<p><strong>Ursprung:</strong> GRADEN PICASSO NANTERRE</p>,Desso,Moquette de réemploi,"b2b,desso",true,Title,Default Title,240304-02,shopify,139,,false,true,,,,240304-02,Desso,Grids,BLEU,,GRADEN PICASSO NANTERRE,139,,,,,,,,,,
240305-01,Modulyss — Dsgn Absolut — Grise/Noir,<p><strong>Ursprung:</strong> CREDIT AGRICOLE MASSY</p>,Modulyss,Moquette de réemploi,"b2b,modulyss",true,Title,Default Title,240305-01,shopify,114,,false,true,,,,240305-01,Modulyss,Dsgn Absolut,GRISE/NOIR,,CREDIT AGRICOLE MASSY,114,,,,,,,,,,
240308-01,Interface — Employ Loop — Urban Gris 4197027,<p><strong>Ursprung:</strong> VOLVO PANTA</p>,Interface,Moquette de réemploi,"b2b,interface,50×50cm",true,Title,Default Title,240308-01,shopify,254.75,,false,true,,,,240308-01,Interface,Employ Loop,URBAN GRIS 4197027,50×50cm,VOLVO PANTA,254.75,,,,,,,,,,
240309-02,Ege — Reform Memory — Noir Beige  (Medium Olive ),<p><strong>Ursprung:</strong> LDE</p>,Ege,Moquette de réemploi,"b2b,ege",true,Title,Default Title,240309-02,shopify,100,,false,true,,,,240309-02,Ege,Reform Memory,NOIR BEIGE  (medium olive ),,LDE,100,,,,,,,,,,
240310-01,Interface — Genesis Interface — Violet,<p><strong>Ursprung:</strong> 19 av norvege villebon sur yvette</p>,Interface,Moquette de réemploi,"b2b,interface",true,Title,Default Title,240310-01,shopify,56.75,,false,true,,,,240310-01,Interface,Genesis Interface,VIOLET,,19 av norvege villebon sur yvette,56.75,,,,,,,,,,
240314-01,Forbo — Tessera Chroma — 3601 Platinum,<p><strong>Ursprung:</strong> 148 route de la reine Boulogne</p>,Forbo,Moquette de réemploi,"b2b,forbo",true,Title,Default Title,240314-01,shopify,365,,false,true,,,,240314-01,Forbo,Tessera Chroma,3601 PLATINUM,,148 route de la reine Boulogne,365,,,,,,,,,,
240404-01,Desso — Linon — Linon Aa83 9508,<p><strong>Ursprung:</strong> ILEO BOULOGNE</p>,Desso,Moquette de réemploi,"b2b,desso",true,Title,Default Title,240404-01,shopify,70.75,,false,true,,,,240404-01,Desso,Linon,Linon AA83 9508,,ILEO BOULOGNE,70.75,,,,,,,,,,
240501-01,Modulyss — Gleam — 847,<p><strong>Ursprung:</strong> ??????</p>,Modulyss,Moquette de réemploi,"b2b,modulyss,50×50cm",true,Title,Default Title,240501-01,shopify,72,,false,true,,,,240501-01,Modulyss,Gleam,847,50×50cm,??????,72,,,,,,,,,,
240502-01,Desso — Palatino — 6016 Orange,,Desso,Moquette de réemploi,"b2b,desso,50×50cm",true,Title,Default Title,240502-01,shopify,70,,false,true,,,,240502-01,Desso,Palatino,6016 ORANGE,50×50cm,,70,,,,,,,,,,
240503-01,Desso — Arcade — Brun 9095,,Desso,Moquette de réemploi,"b2b,desso,50×50cm",true,Title,Default Title,240503-01,shopify,61.5,,false,true,,,,240503-01,Desso,Arcade,BRUN 9095,50×50cm,,61.5,,,,,,,,,,
240505-01,Tarkett — Id Inspiration 30 — Brushed Elm Natural,<p><strong>Ursprung:</strong> PERGOLEZE PARIS 16 KARRE STUDIO</p>,Tarkett,Moquette de réemploi,"b2b,tarkett",true,Title,Default Title,240505-01,shopify,148.75,,false,true,,,,240505-01,Tarkett,Id Inspiration 30,Brushed Elm NATURAL,,PERGOLEZE PARIS 16 KARRE STUDIO,148.75,,,,,,,,,,
240506-01,Balsan — Pilote — 005 ???,<p><strong>Ursprung:</strong> KARRE STUDIO nanterre</p>,Balsan,Moquette de réemploi,"b2b,balsan",true,Title,Default Title,240506-01,shopify,75.75,,false,true,,,,240506-01,Balsan,Pilote,005 ???,,KARRE STUDIO nanterre,75.75,,,,,,,,,,
240508-01,Desso — Essence — 9515,<p><strong>Ursprung:</strong> AIX PROVENCE</p>,Desso,Moquette de réemploi,"b2b,desso",true,Title,Default Title,240508-01,shopify,1050.75,,false,true,,,,240508-01,Desso,Essence,9515,,AIX PROVENCE,1050.75,,,,,,,,,,
240602-01,Interface — Transformation — Gris Item 1628043 Challenger,<p><strong>Ursprung:</strong> CA MONTROUGE JF</p>,Interface,Moquette de réemploi,"b2b,interface",true,Title,Default Title,240602-01,shopify,78.75,,false,true,,,,240602-01,Interface,Transformation,GRIS ITEM 1628043 CHALLENGER,,CA MONTROUGE JF,78.75,,,,,,,,,,
240603-01,Milliken — Hidden — Gris,<p><strong>Ursprung:</strong> KEURUS LEVALLOIS</p>,Milliken,Moquette de réemploi,"b2b,milliken",true,Title,Default Title,240603-01,shopify,68,,false,true,,,,240603-01,Milliken,Hidden,GRIS,,KEURUS LEVALLOIS,68,,,,,,,,,,
240603-02,Milliken — Preface Adapt — Adt118-27 Coal,<p><strong>Ursprung:</strong> KEURUS LEVALLOIS</p>,Milliken,Moquette de réemploi,"b2b,milliken",true,Title,Default Title,240603-02,shopify,147,,false,true,,,,240603-02,Milliken,Preface Adapt,ADT118-27 Coal,,KEURUS LEVALLOIS,147,,,,,,,,,,
240604-01,Milliken — Wireframe — 182 Royal,<p><strong>Ursprung:</strong> FRANCONVILLE</p>,Milliken,Moquette de réemploi,"b2b,milliken",true,Title,Default Title,240604-01,shopify,220,,false,true,,,,240604-01,Milliken,Wireframe,182 ROYAL,,FRANCONVILLE,220,,,,,,,,,,
240606-01,Interface — Ice Breaker — Item 4282007 Claystone,<p><strong>Ursprung:</strong> MONTROUGE  CARRE STUDIO</p>,Interface,Moquette de réemploi,"b2b,interface",true,Title,Default Title,240606-01,shopify,71.75,,false,true,,,,240606-01,Interface,Ice Breaker,ITEM 4282007 Claystone,,MONTROUGE  CARRE STUDIO,71.75,,,,,,,,,,
240701-01,Balsan — Canyon Rift 640 — Rift 640 Beige Sable,<p><strong>Ursprung:</strong> BATICYCLE TRICYCLE 21 RUE JEAN GOUJON</p>,Balsan,Moquette de réemploi,"b2b,balsan",true,Title,Default Title,240701-01,shopify,63.25,,false,true,,,,240701-01,Balsan,Canyon Rift 640,RIFT 640 BEIGE SABLE,,BATICYCLE TRICYCLE 21 RUE JEAN GOUJON,63.25,,,,,,,,,,
240701-05,Milliken — Colour Compositions — Cmp152 Lament,<p><strong>Ursprung:</strong> BATICYCLE TRICYCLE 21 RUE JEAN GOUJON</p>,Milliken,Moquette de réemploi,"b2b,milliken",true,Title,Default Title,240701-05,shopify,100.5,,false,true,,,,240701-05,Milliken,Colour Compositions,CMP152 Lament,,BATICYCLE TRICYCLE 21 RUE JEAN GOUJON,100.5,,,,,,,,,,
240701-08,Interface — Heuga 725 — Col7224,<p><strong>Ursprung:</strong> BATICYCLE TRICYCLE 21 RUE JEAN GOUJON</p>,Interface,Moquette de réemploi,"b2b,interface",true,Title,Default Title,240701-08,shopify,217,,false,true,,,,240701-08,Interface,Heuga 725,COL7224,,BATICYCLE TRICYCLE 21 RUE JEAN GOUJON,217,,,,,,,,,,
240702-01,Forbo — Tessera Layout — 2108 Calcium,<p><strong>Ursprung:</strong> VOLTA TRUCKS AVENUE DES ROSES</p>,Forbo,Moquette de réemploi,"b2b,forbo",true,Title,Default Title,240702-01,shopify,99,,false,true,,,,240702-01,Forbo,Tessera Layout,2108 calcium,,VOLTA TRUCKS AVENUE DES ROSES,99,,,,,,,,,,
240705-01,Tecsom — Beige,<p><strong>Ursprung:</strong> CHANEL NEUILLY</p>,Tecsom,Moquette de réemploi,"b2b,tecsom",true,Title,Default Title,240705-01,shopify,96.75,,false,true,,,,240705-01,Tecsom,,BEIGE,,CHANEL NEUILLY,96.75,,,,,,,,,,
240707-01,Balsan — Stone Age — Beige 620,<p><strong>Ursprung:</strong> BATICYCLE RECUP GENNEVILLIER</p>,Balsan,Moquette de réemploi,"b2b,balsan",true,Title,Default Title,240707-01,shopify,65.25,,false,true,,,,240707-01,Balsan,Stone Age,BEIGE 620,,BATICYCLE RECUP GENNEVILLIER,65.25,,,,,,,,,,
240708-01,Balsan — Pilote — 605,<p><strong>Ursprung:</strong> CANAL +</p>,Balsan,Moquette de réemploi,"b2b,balsan",true,Title,Default Title,240708-01,shopify,59.75,,false,true,,,,240708-01,Balsan,Pilote,605,,CANAL +,59.75,,,,,,,,,,
240801-01,Tecsom — Camera — 038 Gris,<p><strong>Ursprung:</strong> ORANGE SAINT DENIS bat B 1ere phase</p>,Tecsom,Moquette de réemploi,"b2b,tecsom,50×50cm",true,Title,Default Title,240801-01,shopify,169.25,,false,true,,,,240801-01,Tecsom,Camera,038 GRIS,50×50cm,ORANGE SAINT DENIS bat B 1ere phase,169.25,,,,,,,,,,
240802-01,Balsan?? — Batik?? — Marron,<p><strong>Ursprung:</strong> ICADE RUNGIS</p>,Balsan??,Moquette de réemploi,"b2b,balsan??",true,Title,Default Title,240802-01,shopify,159.5,,false,true,,,,240802-01,Balsan??,Batik??,MARRON,,ICADE RUNGIS,159.5,,,,,,,,,,
240802-02,Tecsom — Linear Spirit — 45,<p><strong>Ursprung:</strong> ICADE RUNGIS</p>,Tecsom,Moquette de réemploi,"b2b,tecsom",true,Title,Default Title,240802-02,shopify,134.75,,false,true,,,,240802-02,Tecsom,Linear Spirit,45,,ICADE RUNGIS,134.75,,,,,,,,,,
240803-01,Milliken — Custom — Pale Beige (Gris Clair),<p><strong>Ursprung:</strong> MILLIKEN NEXITY ST OUEN</p>,Milliken,Moquette de réemploi,"b2b,milliken",true,Title,Default Title,240803-01,shopify,368,,false,true,,,,240803-01,Milliken,Custom,PALE BEIGE (GRIS CLAIR),,MILLIKEN NEXITY ST OUEN,368,,,,,,,,,,
240803-02,Milliken — Custom — Grey,<p><strong>Ursprung:</strong> MILLIKEN NEXITY ST OUEN</p>,Milliken,Moquette de réemploi,"b2b,milliken",true,Title,Default Title,240803-02,shopify,2044.75,,false,true,,,,240803-02,Milliken,Custom,GREY,,MILLIKEN NEXITY ST OUEN,2044.75,,,,,,,,,,
240803-03,Milliken — Custom — Coral,<p><strong>Ursprung:</strong> MILLIKEN NEXITY ST OUEN</p>,Milliken,Moquette de réemploi,"b2b,milliken",true,Title,Default Title,240803-03,shopify,412.25,,false,true,,,,240803-03,Milliken,Custom,CORAL,,MILLIKEN NEXITY ST OUEN,412.25,,,,,,,,,,
240901-01,Interface — Ur 501 — 7267011 Ash,<p><strong>Ursprung:</strong> OMNIDEC PANTIN</p>,Interface,Moquette de réemploi,"b2b,interface",true,Title,Default Title,240901-01,shopify,77.5,,false,true,,,,240901-01,Interface,Ur 501,7267011 ASH,,OMNIDEC PANTIN,77.5,,,,,,,,,,
240902-01,Interface — Composure — 4169018 Regard,<p><strong>Ursprung:</strong> CHANTIER MALRAUX PARIS 13</p>,Interface,Moquette de réemploi,"b2b,interface",true,Title,Default Title,240902-01,shopify,201.25,,false,true,,,,240902-01,Interface,Composure,4169018 REGARD,,CHANTIER MALRAUX PARIS 13,201.25,,,,,,,,,,
240902-03,Tapisbel — Grooves — 62162,<p><strong>Ursprung:</strong> CHANTIER MALRAUX PARIS 13</p>,Tapisbel,Moquette de réemploi,"b2b,tapisbel",true,Title,Default Title,240902-03,shopify,90.75,,false,true,,,,240902-03,Tapisbel,Grooves,62162,,CHANTIER MALRAUX PARIS 13,90.75,,,,,,,,,,
240911-01,Shaw Contract — 5T253 Rectangle — 53597 Gunmetal,<p><strong>Ursprung:</strong> ALTEREKO JO SAINT DENIS</p>,Shaw Contract,Moquette de réemploi,"b2b,shaw contract,25×100cm",true,Title,Default Title,240911-01,shopify,215.5,,false,true,,,,240911-01,Shaw Contract,5T253 Rectangle,53597 GUNMETAL,25×100cm,ALTEREKO JO SAINT DENIS,215.5,,,,,,,,,,
241001-01,Interface — Equilibrium — Gris Col304282,<p><strong>Ursprung:</strong> DECHERT MONCEAU 75008</p>,Interface,Moquette de réemploi,"b2b,interface",true,Title,Default Title,241001-01,shopify,83.25,,false,true,,,,241001-01,Interface,Equilibrium,GRIS COL304282,,DECHERT MONCEAU 75008,83.25,,,,,,,,,,
241001-02,Interface — Linear Tonal — Marron Col 302109 Hawk,<p><strong>Ursprung:</strong> DECHERT MONCEAU 75008</p>,Interface,Moquette de réemploi,"b2b,interface",true,Title,Default Title,241001-02,shopify,393,,false,true,,,,241001-02,Interface,Linear Tonal,MARRON COL 302109 Hawk,,DECHERT MONCEAU 75008,393,,,,,,,,,,
241101-01,Milliken — Wire Wfr233 — Cacao,<p><strong>Ursprung:</strong> NEXITI saint ouen</p>,Milliken,Moquette de réemploi,"b2b,milliken",true,Title,Default Title,241101-01,shopify,1390.5,,false,true,,,,241101-01,Milliken,Wire Wfr233,Cacao,,NEXITI saint ouen,1390.5,,,,,,,,,,
241101-02,Milliken — Wire Wfr57 — Cogn,<p><strong>Ursprung:</strong> NEXITI saint ouen</p>,Milliken,Moquette de réemploi,"b2b,milliken",true,Title,Default Title,241101-02,shopify,266.25,,false,true,,,,241101-02,Milliken,Wire Wfr57,cogn,,NEXITI saint ouen,266.25,,,,,,,,,,
241104-02,Modulyss — Cambridge — Marron 907,<p><strong>Ursprung:</strong> MASSY ORAK</p>,Modulyss,Moquette de réemploi,"b2b,modulyss",true,Title,Default Title,241104-02,shopify,62.25,,false,true,,,,241104-02,Modulyss,Cambridge,MARRON 907,,MASSY ORAK,62.25,,,,,,,,,,
241105-01,Interface — Transformation Sp — Col 345523,<p><strong>Ursprung:</strong> VILLAGE OLYMPIQUE SAINT DENIS</p>,Interface,Moquette de réemploi,"b2b,interface",true,Title,Default Title,241105-01,shopify,505,,false,true,,,,241105-01,Interface,Transformation Sp,COL 345523,,VILLAGE OLYMPIQUE SAINT DENIS,505,,,,,,,,,,
241105-02,Shaw Contract — Ember — Straw,<p><strong>Ursprung:</strong> VILLAGE OLYMPIQUE SAINT DENIS</p>,Shaw Contract,Moquette de réemploi,"b2b,shaw contract",true,Title,Default Title,241105-02,shopify,605.5,,false,true,,,,241105-02,Shaw Contract,Ember,STRAW,,VILLAGE OLYMPIQUE SAINT DENIS,605.5,,,,,,,,,,
241107-01,Balsan — Carre D'Art ?? — Dada 960 ??,<p><strong>Ursprung:</strong> YOANN EIFFAGE LYON</p>,Balsan,Moquette de réemploi,"b2b,balsan",true,Title,Default Title,241107-01,shopify,56.5,,false,true,,,,241107-01,Balsan,Carre D'Art ??,DADA 960 ??,,YOANN EIFFAGE LYON,56.5,,,,,,,,,,
241109-01,Desso — Neo Sound Master — Noir Ligne Bleu Et Violet 9990,<p><strong>Ursprung:</strong> VILLAGE OLYMPIQUE SAINT DENIS</p>,Desso,Moquette de réemploi,"b2b,desso",true,Title,Default Title,241109-01,shopify,363.5,,false,true,,,,241109-01,Desso,Neo Sound Master,NOIR ligne bleu et violet 9990,,VILLAGE OLYMPIQUE SAINT DENIS,363.5,,,,,,,,,,
241109-02,Desso — Sienna — Noir Oint De Couleur,<p><strong>Ursprung:</strong> VILLAGE OLYMPIQUE SAINT DENIS</p>,Desso,Moquette de réemploi,"b2b,desso",true,Title,Default Title,241109-02,shopify,227,,false,true,,,,241109-02,Desso,Sienna,NOIR oint de couleur,,VILLAGE OLYMPIQUE SAINT DENIS,227,,,,,,,,,,
241109-03,Shaw Contract — Ember — Porcelain,<p><strong>Ursprung:</strong> VILLAGE OLYMPIQUE SAINT DENIS</p>,Shaw Contract,Moquette de réemploi,"b2b,shaw contract",true,Title,Default Title,241109-03,shopify,55,,false,true,,,,241109-03,Shaw Contract,Ember,PORCELAIN,,VILLAGE OLYMPIQUE SAINT DENIS,55,,,,,,,,,,
241109-04,Balsan — L480 — Marron 630*,<p><strong>Ursprung:</strong> VILLAGE OLYMPIQUE SAINT DENIS</p>,Balsan,Moquette de réemploi,"b2b,balsan",true,Title,Default Title,241109-04,shopify,447.25,,false,true,,,,241109-04,Balsan,L480,MARRON 630*,,VILLAGE OLYMPIQUE SAINT DENIS,447.25,,,,,,,,,,
241109-05,Interface — Heuga 727 — Col 672713,<p><strong>Ursprung:</strong> VILLAGE OLYMPIQUE SAINT DENIS</p>,Interface,Moquette de réemploi,"b2b,interface",true,Title,Default Title,241109-05,shopify,99.5,,false,true,,,,241109-05,Interface,Heuga 727,COL 672713,,VILLAGE OLYMPIQUE SAINT DENIS,99.5,,,,,,,,,,
241202-01,Milliken — Poise — Poi260-243 Spirit,<p><strong>Ursprung:</strong> LVMH</p>,Milliken,Moquette de réemploi,"b2b,milliken",true,Title,Default Title,241202-01,shopify,584.25,,false,true,,,,241202-01,Milliken,Poise,POI260-243 SPIRIT,,LVMH,584.25,,,,,,,,,,
241202-02,Desso — Fond Gris Trait Vert,<p><strong>Ursprung:</strong> LVMH</p>,Desso,Moquette de réemploi,"b2b,desso",true,Title,Default Title,241202-02,shopify,55.75,,false,true,,,,241202-02,Desso,,FOND GRIS TRAIT VERT,,LVMH,55.75,,,,,,,,,,
241202-05,Desso — Fond Gris Trait  Beige,<p><strong>Ursprung:</strong> LVMH</p>,Desso,Moquette de réemploi,"b2b,desso",true,Title,Default Title,241202-05,shopify,55.75,,false,true,,,,241202-05,Desso,,FOND GRIS TRAIT  BEIGE,,LVMH,55.75,,,,,,,,,,
241204-01,Desso — Fields — Blanc/Gris Clair,<p><strong>Ursprung:</strong> OMNIDEC BASF</p>,Desso,Moquette de réemploi,"b2b,desso",true,Title,Default Title,241204-01,shopify,274.5,,false,true,,,,241204-01,Desso,Fields,BLANC/GRIS clair,,OMNIDEC BASF,274.5,,,,,,,,,,
241204-02,Desso — Frisk — 9512,<p><strong>Ursprung:</strong> OMNIDEC BASF</p>,Desso,Moquette de réemploi,"b2b,desso",true,Title,Default Title,241204-02,shopify,138.75,,false,true,,,,241204-02,Desso,Frisk,9512,,OMNIDEC BASF,138.75,,,,,,,,,,
250101-01,Interface — Syncopation Ii — Col 324108,<p><strong>Ursprung:</strong> OMNIDEC EMI TERTIAIRE 77</p>,Interface,Moquette de réemploi,"b2b,interface",true,Title,Default Title,250101-01,shopify,83,,false,true,,,,250101-01,Interface,Syncopation Ii,COL 324108,,OMNIDEC EMI TERTIAIRE 77,83,,,,,,,,,,
250110-01,Desso — Essence Sound Master Lite — Aa90 9926,<p><strong>Ursprung:</strong> TETRIS COURBEVOIE</p>,Desso,Moquette de réemploi,"b2b,desso",true,Title,Default Title,250110-01,shopify,755,,false,true,,,,250110-01,Desso,Essence Sound Master Lite,AA90 9926,,TETRIS COURBEVOIE,755,,,,,,,,,,
250111-01,Balsan — Ultrasoft — Vert 270,<p><strong>Ursprung:</strong> CHANTIER RONESAN</p>,Balsan,Moquette de réemploi,"b2b,balsan",true,Title,Default Title,250111-01,shopify,61.75,,false,true,,,,250111-01,Balsan,Ultrasoft,VERT 270,,CHANTIER RONESAN,61.75,,,,,,,,,,
250111-03,Balsan — Stone Age — 920,<p><strong>Ursprung:</strong> CHANTIER RONESAN</p>,Balsan,Moquette de réemploi,"b2b,balsan",true,Title,Default Title,250111-03,shopify,120.5,,false,true,,,,250111-03,Balsan,Stone Age,920,,CHANTIER RONESAN,120.5,,,,,,,,,,
250201-01,Desso — Airmaster — Noir Raye Bleu Souc Couche Normarle,<p><strong>Ursprung:</strong> VILLAGE OLYMPIQUE SAINT DENIS</p>,Desso,Moquette de réemploi,"b2b,desso",true,Title,Default Title,250201-01,shopify,622.25,,false,true,,,,250201-01,Desso,Airmaster,NOIR RAYE BLEU SOUC COUCHE NORMARLE,,VILLAGE OLYMPIQUE SAINT DENIS,622.25,,,,,,,,,,
250201-02,Shaw Contract — Ember — Regent Blue,<p><strong>Ursprung:</strong> VILLAGE OLYMPIQUE SAINT DENIS</p>,Shaw Contract,Moquette de réemploi,"b2b,shaw contract",true,Title,Default Title,250201-02,shopify,465,,false,true,,,,250201-02,Shaw Contract,Ember,REGENT BLUE,,VILLAGE OLYMPIQUE SAINT DENIS,465,,,,,,,,,,
250201-03,Interface — Heuga 727 — Helephant,<p><strong>Ursprung:</strong> VILLAGE OLYMPIQUE SAINT DENIS</p>,Interface,Moquette de réemploi,"b2b,interface",true,Title,Default Title,250201-03,shopify,332,,false,true,,,,250201-03,Interface,Heuga 727,HELEPHANT,,VILLAGE OLYMPIQUE SAINT DENIS,332,,,,,,,,,,
250201-04,Shaw Contract — Ember — Stonegate,<p><strong>Ursprung:</strong> VILLAGE OLYMPIQUE SAINT DENIS</p>,Shaw Contract,Moquette de réemploi,"b2b,shaw contract",true,Title,Default Title,250201-04,shopify,85,,false,true,,,,250201-04,Shaw Contract,Ember,STONEGATE,,VILLAGE OLYMPIQUE SAINT DENIS,85,,,,,,,,,,
250203-01,Interface — Monochrome — Gris,<p><strong>Ursprung:</strong> VILLAGE OLYMPIQUE SAINT DENIS</p>,Interface,Moquette de réemploi,"b2b,interface",true,Title,Default Title,250203-01,shopify,456.25,,false,true,,,,250203-01,Interface,Monochrome,GRIS,,VILLAGE OLYMPIQUE SAINT DENIS,456.25,,,,,,,,,,
250203-02,Shaw Contract — Ember — Flint,<p><strong>Ursprung:</strong> VILLAGE OLYMPIQUE SAINT DENIS</p>,Shaw Contract,Moquette de réemploi,"b2b,shaw contract",true,Title,Default Title,250203-02,shopify,867.5,,false,true,,,,250203-02,Shaw Contract,Ember,FLINT,,VILLAGE OLYMPIQUE SAINT DENIS,867.5,,,,,,,,,,
250204-01,Balsan — Stone Age — Vert Bleu N150,<p><strong>Ursprung:</strong> JEREN NETTOYAGE 140 RURE DE RENNES</p>,Balsan,Moquette de réemploi,"b2b,balsan",true,Title,Default Title,250204-01,shopify,403,,false,true,,,,250204-01,Balsan,Stone Age,VERT BLEU N150,,JEREN NETTOYAGE 140 RURE DE RENNES,403,,,,,,,,,,
