SKU,PRICE,PRICE_LIST_SLUG
RC-ORAK-GIZ2202010,244.24,entrepreneur
RC-ORAK-GIZ2202010,252.86,entrepreneur-nok
RC-ORAK-GIZ2202010,169.46,entrepreneur-dkk
RC-ORAK-GIZ2202010,22.68,entrepreneur-eur
RC-ORAK-GIZ2202010,271.38,member
RC-ORAK-GIZ2202010,280.95,member-nok
RC-ORAK-GIZ2202010,188.29,member-dkk
RC-ORAK-GIZ2202010,25.2,member-eur
RC-ORAK-GIZ2111008,162.83,entrepreneur
RC-ORAK-GIZ2111008,168.57,entrepreneur-nok
RC-ORAK-GIZ2111008,112.98,entrepreneur-dkk
RC-ORAK-GIZ2111008,15.12,entrepreneur-eur
RC-ORAK-GIZ2111008,180.92,member
RC-ORAK-GIZ2111008,187.3,member-nok
RC-ORAK-GIZ2111008,125.53,member-dkk
RC-ORAK-GIZ2111008,16.8,member-eur
RC-ORAK-GIZ2111013,162.83,entrepreneur
RC-ORAK-GIZ2111013,168.57,entrepreneur-nok
RC-ORAK-GIZ2111013,112.98,entrepreneur-dkk
RC-ORAK-GIZ2111013,15.12,entrepreneur-eur
RC-ORAK-GIZ2111013,180.92,member
RC-ORAK-GIZ2111013,187.3,member-nok
RC-ORAK-GIZ2111013,125.53,member-dkk
RC-ORAK-GIZ2111013,16.8,member-eur
RC-ORAK-GIZ2112001,271.38,entrepreneur
RC-ORAK-GIZ2112001,280.95,entrepreneur-nok
RC-ORAK-GIZ2112001,188.29,entrepreneur-dkk
RC-ORAK-GIZ2112001,25.2,entrepreneur-eur
RC-ORAK-GIZ2112001,301.53,member
RC-ORAK-GIZ2112001,312.17,member-nok
RC-ORAK-GIZ2112001,209.22,member-dkk
RC-ORAK-GIZ2112001,28.0,member-eur
RC-ORAK-GIZ2112002,271.38,entrepreneur
RC-ORAK-GIZ2112002,280.95,entrepreneur-nok
RC-ORAK-GIZ2112002,188.29,entrepreneur-dkk
RC-ORAK-GIZ2112002,25.2,entrepreneur-eur
RC-ORAK-GIZ2112002,301.53,member
RC-ORAK-GIZ2112002,312.17,member-nok
RC-ORAK-GIZ2112002,209.22,member-dkk
RC-ORAK-GIZ2112002,28.0,member-eur
RC-ORAK-GIZ2203004,162.83,entrepreneur
RC-ORAK-GIZ2203004,168.57,entrepreneur-nok
RC-ORAK-GIZ2203004,112.98,entrepreneur-dkk
RC-ORAK-GIZ2203004,15.12,entrepreneur-eur
RC-ORAK-GIZ2203004,180.92,member
RC-ORAK-GIZ2203004,187.3,member-nok
RC-ORAK-GIZ2203004,125.53,member-dkk
RC-ORAK-GIZ2203004,16.8,member-eur
RC-ORAK-GIZ2111002,244.24,entrepreneur
RC-ORAK-GIZ2111002,252.86,entrepreneur-nok
RC-ORAK-GIZ2111002,169.46,entrepreneur-dkk
RC-ORAK-GIZ2111002,22.68,entrepreneur-eur
RC-ORAK-GIZ2111002,271.38,member
RC-ORAK-GIZ2111002,280.95,member-nok
RC-ORAK-GIZ2111002,188.29,member-dkk
RC-ORAK-GIZ2111002,25.2,member-eur
RC-ORAK-GIZ2204002,230.67,entrepreneur
RC-ORAK-GIZ2204002,238.81,entrepreneur-nok
RC-ORAK-GIZ2204002,160.05,entrepreneur-dkk
RC-ORAK-GIZ2204002,21.42,entrepreneur-eur
RC-ORAK-GIZ2204002,256.3,member
RC-ORAK-GIZ2204002,265.35,member-nok
RC-ORAK-GIZ2204002,177.83,member-dkk
RC-ORAK-GIZ2204002,23.8,member-eur
RC-ORAK-GIZ2202003,101.77,entrepreneur
RC-ORAK-GIZ2202003,105.36,entrepreneur-nok
RC-ORAK-GIZ2202003,70.61,entrepreneur-dkk
RC-ORAK-GIZ2202003,9.45,entrepreneur-eur
RC-ORAK-GIZ2202003,113.07,member
RC-ORAK-GIZ2202003,117.06,member-nok
RC-ORAK-GIZ2202003,78.46,member-dkk
RC-ORAK-GIZ2202003,10.5,member-eur
RC-ORAK-GIZ2206005,244.24,entrepreneur
RC-ORAK-GIZ2206005,252.86,entrepreneur-nok
RC-ORAK-GIZ2206005,169.46,entrepreneur-dkk
RC-ORAK-GIZ2206005,22.68,entrepreneur-eur
RC-ORAK-GIZ2206005,271.38,member
RC-ORAK-GIZ2206005,280.95,member-nok
RC-ORAK-GIZ2206005,188.29,member-dkk
RC-ORAK-GIZ2206005,25.2,member-eur
RC-ORAK-GIZ2206004,244.24,entrepreneur
RC-ORAK-GIZ2206004,252.86,entrepreneur-nok
RC-ORAK-GIZ2206004,169.46,entrepreneur-dkk
RC-ORAK-GIZ2206004,22.68,entrepreneur-eur
RC-ORAK-GIZ2206004,271.38,member
RC-ORAK-GIZ2206004,280.95,member-nok
RC-ORAK-GIZ2206004,188.29,member-dkk
RC-ORAK-GIZ2206004,25.2,member-eur
RC-ORAK-GIZ2201001,149.26,entrepreneur
RC-ORAK-GIZ2201001,154.53,entrepreneur-nok
RC-ORAK-GIZ2201001,103.56,entrepreneur-dkk
RC-ORAK-GIZ2201001,13.86,entrepreneur-eur
RC-ORAK-GIZ2201001,165.84,member
RC-ORAK-GIZ2201001,171.69,member-nok
RC-ORAK-GIZ2201001,115.07,member-dkk
RC-ORAK-GIZ2201001,15.4,member-eur
RC-ORAK-GIZ2209002,223.89,entrepreneur
RC-ORAK-GIZ2209002,231.79,entrepreneur-nok
RC-ORAK-GIZ2209002,155.34,entrepreneur-dkk
RC-ORAK-GIZ2209002,20.79,entrepreneur-eur
RC-ORAK-GIZ2209002,248.76,member
RC-ORAK-GIZ2209002,257.54,member-nok
RC-ORAK-GIZ2209002,172.6,member-dkk
RC-ORAK-GIZ2209002,23.1,member-eur
RC-ORAK-GIZ2209004,108.55,entrepreneur
RC-ORAK-GIZ2209004,112.38,entrepreneur-nok
RC-ORAK-GIZ2209004,75.32,entrepreneur-dkk
RC-ORAK-GIZ2209004,10.08,entrepreneur-eur
RC-ORAK-GIZ2209004,120.61,member
RC-ORAK-GIZ2209004,124.87,member-nok
RC-ORAK-GIZ2209004,83.69,member-dkk
RC-ORAK-GIZ2209004,11.2,member-eur
RC-ORAK-GIZ2201002,176.4,entrepreneur
RC-ORAK-GIZ2201002,182.62,entrepreneur-nok
RC-ORAK-GIZ2201002,122.39,entrepreneur-dkk
RC-ORAK-GIZ2201002,16.38,entrepreneur-eur
RC-ORAK-GIZ2201002,196.0,member
RC-ORAK-GIZ2201002,202.91,member-nok
RC-ORAK-GIZ2201002,135.99,member-dkk
RC-ORAK-GIZ2201002,18.2,member-eur
RC-ORAK-GIZ2209010,244.24,entrepreneur
RC-ORAK-GIZ2209010,252.86,entrepreneur-nok
RC-ORAK-GIZ2209010,169.46,entrepreneur-dkk
RC-ORAK-GIZ2209010,22.68,entrepreneur-eur
RC-ORAK-GIZ2209010,271.38,member
RC-ORAK-GIZ2209010,280.95,member-nok
RC-ORAK-GIZ2209010,188.29,member-dkk
RC-ORAK-GIZ2209010,25.2,member-eur
RC-ORAK-GIZ2210001,149.26,entrepreneur
RC-ORAK-GIZ2210001,154.53,entrepreneur-nok
RC-ORAK-GIZ2210001,103.56,entrepreneur-dkk
RC-ORAK-GIZ2210001,13.86,entrepreneur-eur
RC-ORAK-GIZ2210001,165.84,member
RC-ORAK-GIZ2210001,171.69,member-nok
RC-ORAK-GIZ2210001,115.07,member-dkk
RC-ORAK-GIZ2210001,15.4,member-eur
RC-ORAK-GIZ2210006,149.26,entrepreneur
RC-ORAK-GIZ2210006,154.53,entrepreneur-nok
RC-ORAK-GIZ2210006,103.56,entrepreneur-dkk
RC-ORAK-GIZ2210006,13.86,entrepreneur-eur
RC-ORAK-GIZ2210006,165.84,member
RC-ORAK-GIZ2210006,171.69,member-nok
RC-ORAK-GIZ2210006,115.07,member-dkk
RC-ORAK-GIZ2210006,15.4,member-eur
RC-ORAK-GIZ2208007,108.55,entrepreneur
RC-ORAK-GIZ2208007,112.38,entrepreneur-nok
RC-ORAK-GIZ2208007,75.32,entrepreneur-dkk
RC-ORAK-GIZ2208007,10.08,entrepreneur-eur
RC-ORAK-GIZ2208007,120.61,member
RC-ORAK-GIZ2208007,124.87,member-nok
RC-ORAK-GIZ2208007,83.69,member-dkk
RC-ORAK-GIZ2208007,11.2,member-eur
RC-ORAK-GIZ2208001,176.4,entrepreneur
RC-ORAK-GIZ2208001,182.62,entrepreneur-nok
RC-ORAK-GIZ2208001,122.39,entrepreneur-dkk
RC-ORAK-GIZ2208001,16.38,entrepreneur-eur
RC-ORAK-GIZ2208001,196.0,member
RC-ORAK-GIZ2208001,202.91,member-nok
RC-ORAK-GIZ2208001,135.99,member-dkk
RC-ORAK-GIZ2208001,18.2,member-eur
RC-ORAK-GIZ2203005,189.97,entrepreneur
RC-ORAK-GIZ2203005,196.67,entrepreneur-nok
RC-ORAK-GIZ2203005,131.81,entrepreneur-dkk
RC-ORAK-GIZ2203005,17.64,entrepreneur-eur
RC-ORAK-GIZ2203005,211.07,member
RC-ORAK-GIZ2203005,218.52,member-nok
RC-ORAK-GIZ2203005,146.45,member-dkk
RC-ORAK-GIZ2203005,19.6,member-eur
RC-ORAK-GIZ2210004,244.24,entrepreneur
RC-ORAK-GIZ2210004,252.86,entrepreneur-nok
RC-ORAK-GIZ2210004,169.46,entrepreneur-dkk
RC-ORAK-GIZ2210004,22.68,entrepreneur-eur
RC-ORAK-GIZ2210004,271.38,member
RC-ORAK-GIZ2210004,280.95,member-nok
RC-ORAK-GIZ2210004,188.29,member-dkk
RC-ORAK-GIZ2210004,25.2,member-eur
RC-ORAK-GIZ2210010,149.26,entrepreneur
RC-ORAK-GIZ2210010,154.53,entrepreneur-nok
RC-ORAK-GIZ2210010,103.56,entrepreneur-dkk
RC-ORAK-GIZ2210010,13.86,entrepreneur-eur
RC-ORAK-GIZ2210010,165.84,member
RC-ORAK-GIZ2210010,171.69,member-nok
RC-ORAK-GIZ2210010,115.07,member-dkk
RC-ORAK-GIZ2210010,15.4,member-eur
RC-ORAK-GIZ2211009,217.1,entrepreneur
RC-ORAK-GIZ2211009,224.76,entrepreneur-nok
RC-ORAK-GIZ2211009,150.64,entrepreneur-dkk
RC-ORAK-GIZ2211009,20.16,entrepreneur-eur
RC-ORAK-GIZ2211009,241.23,member
RC-ORAK-GIZ2211009,249.74,member-nok
RC-ORAK-GIZ2211009,167.37,member-dkk
RC-ORAK-GIZ2211009,22.4,member-eur
RC-ORAK-GIZ2111016,189.97,entrepreneur
RC-ORAK-GIZ2111016,196.67,entrepreneur-nok
RC-ORAK-GIZ2111016,131.81,entrepreneur-dkk
RC-ORAK-GIZ2111016,17.64,entrepreneur-eur
RC-ORAK-GIZ2111016,211.07,member
RC-ORAK-GIZ2111016,218.52,member-nok
RC-ORAK-GIZ2111016,146.45,member-dkk
RC-ORAK-GIZ2111016,19.6,member-eur
RC-ORAK-GIZ2212009,223.89,entrepreneur
RC-ORAK-GIZ2212009,231.79,entrepreneur-nok
RC-ORAK-GIZ2212009,155.34,entrepreneur-dkk
RC-ORAK-GIZ2212009,20.79,entrepreneur-eur
RC-ORAK-GIZ2212009,248.76,member
RC-ORAK-GIZ2212009,257.54,member-nok
RC-ORAK-GIZ2212009,172.6,member-dkk
RC-ORAK-GIZ2212009,23.1,member-eur
RC-ORAK-GIZ2210003,244.24,entrepreneur
RC-ORAK-GIZ2210003,252.86,entrepreneur-nok
RC-ORAK-GIZ2210003,169.46,entrepreneur-dkk
RC-ORAK-GIZ2210003,22.68,entrepreneur-eur
RC-ORAK-GIZ2210003,271.38,member
RC-ORAK-GIZ2210003,280.95,member-nok
RC-ORAK-GIZ2210003,188.29,member-dkk
RC-ORAK-GIZ2210003,25.2,member-eur
RC-ORAK-GIZ2202005,223.89,entrepreneur
RC-ORAK-GIZ2202005,231.79,entrepreneur-nok
RC-ORAK-GIZ2202005,155.34,entrepreneur-dkk
RC-ORAK-GIZ2202005,20.79,entrepreneur-eur
RC-ORAK-GIZ2202005,248.76,member
RC-ORAK-GIZ2202005,257.54,member-nok
RC-ORAK-GIZ2202005,172.6,member-dkk
RC-ORAK-GIZ2202005,23.1,member-eur
RC-ORAK-GIZ2212014,162.83,entrepreneur
RC-ORAK-GIZ2212014,168.57,entrepreneur-nok
RC-ORAK-GIZ2212014,112.98,entrepreneur-dkk
RC-ORAK-GIZ2212014,15.12,entrepreneur-eur
RC-ORAK-GIZ2212014,180.92,member
RC-ORAK-GIZ2212014,187.3,member-nok
RC-ORAK-GIZ2212014,125.53,member-dkk
RC-ORAK-GIZ2212014,16.8,member-eur
RC-ORAK-GIZ2210012,217.1,entrepreneur
RC-ORAK-GIZ2210012,224.76,entrepreneur-nok
RC-ORAK-GIZ2210012,150.64,entrepreneur-dkk
RC-ORAK-GIZ2210012,20.16,entrepreneur-eur
RC-ORAK-GIZ2210012,241.23,member
RC-ORAK-GIZ2210012,249.74,member-nok
RC-ORAK-GIZ2210012,167.37,member-dkk
RC-ORAK-GIZ2210012,22.4,member-eur
RC-ORAK-GIZ2210013,203.53,entrepreneur
RC-ORAK-GIZ2210013,210.72,entrepreneur-nok
RC-ORAK-GIZ2210013,141.22,entrepreneur-dkk
RC-ORAK-GIZ2210013,18.9,entrepreneur-eur
RC-ORAK-GIZ2210013,226.15,member
RC-ORAK-GIZ2210013,234.13,member-nok
RC-ORAK-GIZ2210013,156.91,member-dkk
RC-ORAK-GIZ2210013,21.0,member-eur
RC-ORAK-GIZ2211005,108.55,entrepreneur
RC-ORAK-GIZ2211005,112.38,entrepreneur-nok
RC-ORAK-GIZ2211005,75.32,entrepreneur-dkk
RC-ORAK-GIZ2211005,10.08,entrepreneur-eur
RC-ORAK-GIZ2211005,120.61,member
RC-ORAK-GIZ2211005,124.87,member-nok
RC-ORAK-GIZ2211005,83.69,member-dkk
RC-ORAK-GIZ2211005,11.2,member-eur
RC-ORAK-GIZ2301004,244.24,entrepreneur
RC-ORAK-GIZ2301004,252.86,entrepreneur-nok
RC-ORAK-GIZ2301004,169.46,entrepreneur-dkk
RC-ORAK-GIZ2301004,22.68,entrepreneur-eur
RC-ORAK-GIZ2301004,271.38,member
RC-ORAK-GIZ2301004,280.95,member-nok
RC-ORAK-GIZ2301004,188.29,member-dkk
RC-ORAK-GIZ2301004,25.2,member-eur
RC-ORAK-GIZ2301006,244.24,entrepreneur
RC-ORAK-GIZ2301006,252.86,entrepreneur-nok
RC-ORAK-GIZ2301006,169.46,entrepreneur-dkk
RC-ORAK-GIZ2301006,22.68,entrepreneur-eur
RC-ORAK-GIZ2301006,271.38,member
RC-ORAK-GIZ2301006,280.95,member-nok
RC-ORAK-GIZ2301006,188.29,member-dkk
RC-ORAK-GIZ2301006,25.2,member-eur
RC-ORAK-GIZ2211004,108.55,entrepreneur
RC-ORAK-GIZ2211004,112.38,entrepreneur-nok
RC-ORAK-GIZ2211004,75.32,entrepreneur-dkk
RC-ORAK-GIZ2211004,10.08,entrepreneur-eur
RC-ORAK-GIZ2211004,120.61,member
RC-ORAK-GIZ2211004,124.87,member-nok
RC-ORAK-GIZ2211004,83.69,member-dkk
RC-ORAK-GIZ2211004,11.2,member-eur
RC-ORAK-GIZ2302005,237.46,entrepreneur
RC-ORAK-GIZ2302005,245.84,entrepreneur-nok
RC-ORAK-GIZ2302005,164.76,entrepreneur-dkk
RC-ORAK-GIZ2302005,22.05,entrepreneur-eur
RC-ORAK-GIZ2302005,263.84,member
RC-ORAK-GIZ2302005,273.15,member-nok
RC-ORAK-GIZ2302005,183.06,member-dkk
RC-ORAK-GIZ2302005,24.5,member-eur
RC-ORAK-GIZ2301008,176.4,entrepreneur
RC-ORAK-GIZ2301008,182.62,entrepreneur-nok
RC-ORAK-GIZ2301008,122.39,entrepreneur-dkk
RC-ORAK-GIZ2301008,16.38,entrepreneur-eur
RC-ORAK-GIZ2301008,196.0,member
RC-ORAK-GIZ2301008,202.91,member-nok
RC-ORAK-GIZ2301008,135.99,member-dkk
RC-ORAK-GIZ2301008,18.2,member-eur
RC-ORAK-GIZ2208011,108.55,entrepreneur
RC-ORAK-GIZ2208011,112.38,entrepreneur-nok
RC-ORAK-GIZ2208011,75.32,entrepreneur-dkk
RC-ORAK-GIZ2208011,10.08,entrepreneur-eur
RC-ORAK-GIZ2208011,120.61,member
RC-ORAK-GIZ2208011,124.87,member-nok
RC-ORAK-GIZ2208011,83.69,member-dkk
RC-ORAK-GIZ2208011,11.2,member-eur
RC-ORAK-GIZ2302006,217.1,entrepreneur
RC-ORAK-GIZ2302006,224.76,entrepreneur-nok
RC-ORAK-GIZ2302006,150.64,entrepreneur-dkk
RC-ORAK-GIZ2302006,20.16,entrepreneur-eur
RC-ORAK-GIZ2302006,241.23,member
RC-ORAK-GIZ2302006,249.74,member-nok
RC-ORAK-GIZ2302006,167.37,member-dkk
RC-ORAK-GIZ2302006,22.4,member-eur
RC-ORAK-GIZ2212008,108.55,entrepreneur
RC-ORAK-GIZ2212008,112.38,entrepreneur-nok
RC-ORAK-GIZ2212008,75.32,entrepreneur-dkk
RC-ORAK-GIZ2212008,10.08,entrepreneur-eur
RC-ORAK-GIZ2212008,120.61,member
RC-ORAK-GIZ2212008,124.87,member-nok
RC-ORAK-GIZ2212008,83.69,member-dkk
RC-ORAK-GIZ2212008,11.2,member-eur
RC-ORAK-GIZ2206001,244.24,entrepreneur
RC-ORAK-GIZ2206001,252.86,entrepreneur-nok
RC-ORAK-GIZ2206001,169.46,entrepreneur-dkk
RC-ORAK-GIZ2206001,22.68,entrepreneur-eur
RC-ORAK-GIZ2206001,271.38,member
RC-ORAK-GIZ2206001,280.95,member-nok
RC-ORAK-GIZ2206001,188.29,member-dkk
RC-ORAK-GIZ2206001,25.2,member-eur
RC-ORAK-GIZ2302003,217.1,entrepreneur
RC-ORAK-GIZ2302003,224.76,entrepreneur-nok
RC-ORAK-GIZ2302003,150.64,entrepreneur-dkk
RC-ORAK-GIZ2302003,20.16,entrepreneur-eur
RC-ORAK-GIZ2302003,241.23,member
RC-ORAK-GIZ2302003,249.74,member-nok
RC-ORAK-GIZ2302003,167.37,member-dkk
RC-ORAK-GIZ2302003,22.4,member-eur
RC-ORAK-GIZ2303002,244.24,entrepreneur
RC-ORAK-GIZ2303002,252.86,entrepreneur-nok
RC-ORAK-GIZ2303002,169.46,entrepreneur-dkk
RC-ORAK-GIZ2303002,22.68,entrepreneur-eur
RC-ORAK-GIZ2303002,271.38,member
RC-ORAK-GIZ2303002,280.95,member-nok
RC-ORAK-GIZ2303002,188.29,member-dkk
RC-ORAK-GIZ2303002,25.2,member-eur
RC-ORAK-GIZ2302009,298.52,entrepreneur
RC-ORAK-GIZ2302009,309.05,entrepreneur-nok
RC-ORAK-GIZ2302009,207.12,entrepreneur-dkk
RC-ORAK-GIZ2302009,27.72,entrepreneur-eur
RC-ORAK-GIZ2302009,331.69,member
RC-ORAK-GIZ2302009,343.39,member-nok
RC-ORAK-GIZ2302009,230.14,member-dkk
RC-ORAK-GIZ2302009,30.8,member-eur
RC-ORAK-GIZ2303005,108.55,entrepreneur
RC-ORAK-GIZ2303005,112.38,entrepreneur-nok
RC-ORAK-GIZ2303005,75.32,entrepreneur-dkk
RC-ORAK-GIZ2303005,10.08,entrepreneur-eur
RC-ORAK-GIZ2303005,120.61,member
RC-ORAK-GIZ2303005,124.87,member-nok
RC-ORAK-GIZ2303005,83.69,member-dkk
RC-ORAK-GIZ2303005,11.2,member-eur
RC-ORAK-GIZ2304006,217.1,entrepreneur
RC-ORAK-GIZ2304006,224.76,entrepreneur-nok
RC-ORAK-GIZ2304006,150.64,entrepreneur-dkk
RC-ORAK-GIZ2304006,20.16,entrepreneur-eur
RC-ORAK-GIZ2304006,241.23,member
RC-ORAK-GIZ2304006,249.74,member-nok
RC-ORAK-GIZ2304006,167.37,member-dkk
RC-ORAK-GIZ2304006,22.4,member-eur
RC-ORAK-GIZ2303007,217.1,entrepreneur
RC-ORAK-GIZ2303007,224.76,entrepreneur-nok
RC-ORAK-GIZ2303007,150.64,entrepreneur-dkk
RC-ORAK-GIZ2303007,20.16,entrepreneur-eur
RC-ORAK-GIZ2303007,241.23,member
RC-ORAK-GIZ2303007,249.74,member-nok
RC-ORAK-GIZ2303007,167.37,member-dkk
RC-ORAK-GIZ2303007,22.4,member-eur
RC-ORAK-GIZ2304005,217.1,entrepreneur
RC-ORAK-GIZ2304005,224.76,entrepreneur-nok
RC-ORAK-GIZ2304005,150.64,entrepreneur-dkk
RC-ORAK-GIZ2304005,20.16,entrepreneur-eur
RC-ORAK-GIZ2304005,241.23,member
RC-ORAK-GIZ2304005,249.74,member-nok
RC-ORAK-GIZ2304005,167.37,member-dkk
RC-ORAK-GIZ2304005,22.4,member-eur
RC-ORAK-GIZ2304002,149.26,entrepreneur
RC-ORAK-GIZ2304002,154.53,entrepreneur-nok
RC-ORAK-GIZ2304002,103.56,entrepreneur-dkk
RC-ORAK-GIZ2304002,13.86,entrepreneur-eur
RC-ORAK-GIZ2304002,165.84,member
RC-ORAK-GIZ2304002,171.69,member-nok
RC-ORAK-GIZ2304002,115.07,member-dkk
RC-ORAK-GIZ2304002,15.4,member-eur
RC-ORAK-GIZ2304001,203.53,entrepreneur
RC-ORAK-GIZ2304001,210.72,entrepreneur-nok
RC-ORAK-GIZ2304001,141.22,entrepreneur-dkk
RC-ORAK-GIZ2304001,18.9,entrepreneur-eur
RC-ORAK-GIZ2304001,226.15,member
RC-ORAK-GIZ2304001,234.13,member-nok
RC-ORAK-GIZ2304001,156.91,member-dkk
RC-ORAK-GIZ2304001,21.0,member-eur
RC-ORAK-GIZ2303001,223.89,entrepreneur
RC-ORAK-GIZ2303001,231.79,entrepreneur-nok
RC-ORAK-GIZ2303001,155.34,entrepreneur-dkk
RC-ORAK-GIZ2303001,20.79,entrepreneur-eur
RC-ORAK-GIZ2303001,248.76,member
RC-ORAK-GIZ2303001,257.54,member-nok
RC-ORAK-GIZ2303001,172.6,member-dkk
RC-ORAK-GIZ2303001,23.1,member-eur
RC-ORAK-GIZ2305010,244.24,entrepreneur
RC-ORAK-GIZ2305010,252.86,entrepreneur-nok
RC-ORAK-GIZ2305010,169.46,entrepreneur-dkk
RC-ORAK-GIZ2305010,22.68,entrepreneur-eur
RC-ORAK-GIZ2305010,271.38,member
RC-ORAK-GIZ2305010,280.95,member-nok
RC-ORAK-GIZ2305010,188.29,member-dkk
RC-ORAK-GIZ2305010,25.2,member-eur
RC-ORAK-GIZ2304003,149.26,entrepreneur
RC-ORAK-GIZ2304003,154.53,entrepreneur-nok
RC-ORAK-GIZ2304003,103.56,entrepreneur-dkk
RC-ORAK-GIZ2304003,13.86,entrepreneur-eur
RC-ORAK-GIZ2304003,165.84,member
RC-ORAK-GIZ2304003,171.69,member-nok
RC-ORAK-GIZ2304003,115.07,member-dkk
RC-ORAK-GIZ2304003,15.4,member-eur
RC-ORAK-GIZ2306003,230.67,entrepreneur
RC-ORAK-GIZ2306003,238.81,entrepreneur-nok
RC-ORAK-GIZ2306003,160.05,entrepreneur-dkk
RC-ORAK-GIZ2306003,21.42,entrepreneur-eur
RC-ORAK-GIZ2306003,256.3,member
RC-ORAK-GIZ2306003,265.35,member-nok
RC-ORAK-GIZ2306003,177.83,member-dkk
RC-ORAK-GIZ2306003,23.8,member-eur
RC-ORAK-GIZ2301011,189.97,entrepreneur
RC-ORAK-GIZ2301011,196.67,entrepreneur-nok
RC-ORAK-GIZ2301011,131.81,entrepreneur-dkk
RC-ORAK-GIZ2301011,17.64,entrepreneur-eur
RC-ORAK-GIZ2301011,211.07,member
RC-ORAK-GIZ2301011,218.52,member-nok
RC-ORAK-GIZ2301011,146.45,member-dkk
RC-ORAK-GIZ2301011,19.6,member-eur
RC-ORAK-GIZ2208004,203.53,entrepreneur
RC-ORAK-GIZ2208004,210.72,entrepreneur-nok
RC-ORAK-GIZ2208004,141.22,entrepreneur-dkk
RC-ORAK-GIZ2208004,18.9,entrepreneur-eur
RC-ORAK-GIZ2208004,226.15,member
RC-ORAK-GIZ2208004,234.13,member-nok
RC-ORAK-GIZ2208004,156.91,member-dkk
RC-ORAK-GIZ2208004,21.0,member-eur
RC-ORAK-GIZ2306005,149.26,entrepreneur
RC-ORAK-GIZ2306005,154.53,entrepreneur-nok
RC-ORAK-GIZ2306005,103.56,entrepreneur-dkk
RC-ORAK-GIZ2306005,13.86,entrepreneur-eur
RC-ORAK-GIZ2306005,165.84,member
RC-ORAK-GIZ2306005,171.69,member-nok
RC-ORAK-GIZ2306005,115.07,member-dkk
RC-ORAK-GIZ2306005,15.4,member-eur
RC-ORAK-GIZ2301007,149.26,entrepreneur
RC-ORAK-GIZ2301007,154.53,entrepreneur-nok
RC-ORAK-GIZ2301007,103.56,entrepreneur-dkk
RC-ORAK-GIZ2301007,13.86,entrepreneur-eur
RC-ORAK-GIZ2301007,165.84,member
RC-ORAK-GIZ2301007,171.69,member-nok
RC-ORAK-GIZ2301007,115.07,member-dkk
RC-ORAK-GIZ2301007,15.4,member-eur
RC-ORAK-GIZ2307004,149.26,entrepreneur
RC-ORAK-GIZ2307004,154.53,entrepreneur-nok
RC-ORAK-GIZ2307004,103.56,entrepreneur-dkk
RC-ORAK-GIZ2307004,13.86,entrepreneur-eur
RC-ORAK-GIZ2307004,165.84,member
RC-ORAK-GIZ2307004,171.69,member-nok
RC-ORAK-GIZ2307004,115.07,member-dkk
RC-ORAK-GIZ2307004,15.4,member-eur
RC-ORAK-GIZ2307005,217.1,entrepreneur
RC-ORAK-GIZ2307005,224.76,entrepreneur-nok
RC-ORAK-GIZ2307005,150.64,entrepreneur-dkk
RC-ORAK-GIZ2307005,20.16,entrepreneur-eur
RC-ORAK-GIZ2307005,241.23,member
RC-ORAK-GIZ2307005,249.74,member-nok
RC-ORAK-GIZ2307005,167.37,member-dkk
RC-ORAK-GIZ2307005,22.4,member-eur
RC-ORAK-GIZ2305006,108.55,entrepreneur
RC-ORAK-GIZ2305006,112.38,entrepreneur-nok
RC-ORAK-GIZ2305006,75.32,entrepreneur-dkk
RC-ORAK-GIZ2305006,10.08,entrepreneur-eur
RC-ORAK-GIZ2305006,120.61,member
RC-ORAK-GIZ2305006,124.87,member-nok
RC-ORAK-GIZ2305006,83.69,member-dkk
RC-ORAK-GIZ2305006,11.2,member-eur
RC-ORAK-GIZ2305007,108.55,entrepreneur
RC-ORAK-GIZ2305007,112.38,entrepreneur-nok
RC-ORAK-GIZ2305007,75.32,entrepreneur-dkk
RC-ORAK-GIZ2305007,10.08,entrepreneur-eur
RC-ORAK-GIZ2305007,120.61,member
RC-ORAK-GIZ2305007,124.87,member-nok
RC-ORAK-GIZ2305007,83.69,member-dkk
RC-ORAK-GIZ2305007,11.2,member-eur
RC-ORAK-GIZ2305008,108.55,entrepreneur
RC-ORAK-GIZ2305008,112.38,entrepreneur-nok
RC-ORAK-GIZ2305008,75.32,entrepreneur-dkk
RC-ORAK-GIZ2305008,10.08,entrepreneur-eur
RC-ORAK-GIZ2305008,120.61,member
RC-ORAK-GIZ2305008,124.87,member-nok
RC-ORAK-GIZ2305008,83.69,member-dkk
RC-ORAK-GIZ2305008,11.2,member-eur
RC-ORAK-GIZ2306001,189.97,entrepreneur
RC-ORAK-GIZ2306001,196.67,entrepreneur-nok
RC-ORAK-GIZ2306001,131.81,entrepreneur-dkk
RC-ORAK-GIZ2306001,17.64,entrepreneur-eur
RC-ORAK-GIZ2306001,211.07,member
RC-ORAK-GIZ2306001,218.52,member-nok
RC-ORAK-GIZ2306001,146.45,member-dkk
RC-ORAK-GIZ2306001,19.6,member-eur
RC-ORAK-GIZ2305011,149.26,entrepreneur
RC-ORAK-GIZ2305011,154.53,entrepreneur-nok
RC-ORAK-GIZ2305011,103.56,entrepreneur-dkk
RC-ORAK-GIZ2305011,13.86,entrepreneur-eur
RC-ORAK-GIZ2305011,165.84,member
RC-ORAK-GIZ2305011,171.69,member-nok
RC-ORAK-GIZ2305011,115.07,member-dkk
RC-ORAK-GIZ2305011,15.4,member-eur
RC-ORAK-GIZ2307016,149.26,entrepreneur
RC-ORAK-GIZ2307016,154.53,entrepreneur-nok
RC-ORAK-GIZ2307016,103.56,entrepreneur-dkk
RC-ORAK-GIZ2307016,13.86,entrepreneur-eur
RC-ORAK-GIZ2307016,165.84,member
RC-ORAK-GIZ2307016,171.69,member-nok
RC-ORAK-GIZ2307016,115.07,member-dkk
RC-ORAK-GIZ2307016,15.4,member-eur
RC-ORAK-GIZ2307018,257.81,entrepreneur
RC-ORAK-GIZ2307018,266.91,entrepreneur-nok
RC-ORAK-GIZ2307018,178.88,entrepreneur-dkk
RC-ORAK-GIZ2307018,23.94,entrepreneur-eur
RC-ORAK-GIZ2307018,286.46,member
RC-ORAK-GIZ2307018,296.56,member-nok
RC-ORAK-GIZ2307018,198.76,member-dkk
RC-ORAK-GIZ2307018,26.6,member-eur
RC-ORAK-GIZ2307019,257.81,entrepreneur
RC-ORAK-GIZ2307019,266.91,entrepreneur-nok
RC-ORAK-GIZ2307019,178.88,entrepreneur-dkk
RC-ORAK-GIZ2307019,23.94,entrepreneur-eur
RC-ORAK-GIZ2307019,286.46,member
RC-ORAK-GIZ2307019,296.56,member-nok
RC-ORAK-GIZ2307019,198.76,member-dkk
RC-ORAK-GIZ2307019,26.6,member-eur
RC-ORAK-GIZ2307009,257.81,entrepreneur
RC-ORAK-GIZ2307009,266.91,entrepreneur-nok
RC-ORAK-GIZ2307009,178.88,entrepreneur-dkk
RC-ORAK-GIZ2307009,23.94,entrepreneur-eur
RC-ORAK-GIZ2307009,286.46,member
RC-ORAK-GIZ2307009,296.56,member-nok
RC-ORAK-GIZ2307009,198.76,member-dkk
RC-ORAK-GIZ2307009,26.6,member-eur
RC-ORAK-GIZ2307010,257.81,entrepreneur
RC-ORAK-GIZ2307010,266.91,entrepreneur-nok
RC-ORAK-GIZ2307010,178.88,entrepreneur-dkk
RC-ORAK-GIZ2307010,23.94,entrepreneur-eur
RC-ORAK-GIZ2307010,286.46,member
RC-ORAK-GIZ2307010,296.56,member-nok
RC-ORAK-GIZ2307010,198.76,member-dkk
RC-ORAK-GIZ2307010,26.6,member-eur
RC-ORAK-GIZ2307011,244.24,entrepreneur
RC-ORAK-GIZ2307011,252.86,entrepreneur-nok
RC-ORAK-GIZ2307011,169.46,entrepreneur-dkk
RC-ORAK-GIZ2307011,22.68,entrepreneur-eur
RC-ORAK-GIZ2307011,271.38,member
RC-ORAK-GIZ2307011,280.95,member-nok
RC-ORAK-GIZ2307011,188.29,member-dkk
RC-ORAK-GIZ2307011,25.2,member-eur
RC-ORAK-GIZ2306009,149.26,entrepreneur
RC-ORAK-GIZ2306009,154.53,entrepreneur-nok
RC-ORAK-GIZ2306009,103.56,entrepreneur-dkk
RC-ORAK-GIZ2306009,13.86,entrepreneur-eur
RC-ORAK-GIZ2306009,165.84,member
RC-ORAK-GIZ2306009,171.69,member-nok
RC-ORAK-GIZ2306009,115.07,member-dkk
RC-ORAK-GIZ2306009,15.4,member-eur
RC-ORAK-GIZ2307002,217.1,entrepreneur
RC-ORAK-GIZ2307002,224.76,entrepreneur-nok
RC-ORAK-GIZ2307002,150.64,entrepreneur-dkk
RC-ORAK-GIZ2307002,20.16,entrepreneur-eur
RC-ORAK-GIZ2307002,241.23,member
RC-ORAK-GIZ2307002,249.74,member-nok
RC-ORAK-GIZ2307002,167.37,member-dkk
RC-ORAK-GIZ2307002,22.4,member-eur
RC-ORAK-GIZ2309007,244.24,entrepreneur
RC-ORAK-GIZ2309007,252.86,entrepreneur-nok
RC-ORAK-GIZ2309007,169.46,entrepreneur-dkk
RC-ORAK-GIZ2309007,22.68,entrepreneur-eur
RC-ORAK-GIZ2309007,271.38,member
RC-ORAK-GIZ2309007,280.95,member-nok
RC-ORAK-GIZ2309007,188.29,member-dkk
RC-ORAK-GIZ2309007,25.2,member-eur
RC-ORAK-GIZ2308004,149.26,entrepreneur
RC-ORAK-GIZ2308004,154.53,entrepreneur-nok
RC-ORAK-GIZ2308004,103.56,entrepreneur-dkk
RC-ORAK-GIZ2308004,13.86,entrepreneur-eur
RC-ORAK-GIZ2308004,165.84,member
RC-ORAK-GIZ2308004,171.69,member-nok
RC-ORAK-GIZ2308004,115.07,member-dkk
RC-ORAK-GIZ2308004,15.4,member-eur
RC-ORAK-GIZ2310003,271.38,entrepreneur
RC-ORAK-GIZ2310003,280.95,entrepreneur-nok
RC-ORAK-GIZ2310003,188.29,entrepreneur-dkk
RC-ORAK-GIZ2310003,25.2,entrepreneur-eur
RC-ORAK-GIZ2310003,301.53,member
RC-ORAK-GIZ2310003,312.17,member-nok
RC-ORAK-GIZ2310003,209.22,member-dkk
RC-ORAK-GIZ2310003,28.0,member-eur
RC-ORAK-GIZ2306004,223.89,entrepreneur
RC-ORAK-GIZ2306004,231.79,entrepreneur-nok
RC-ORAK-GIZ2306004,155.34,entrepreneur-dkk
RC-ORAK-GIZ2306004,20.79,entrepreneur-eur
RC-ORAK-GIZ2306004,248.76,member
RC-ORAK-GIZ2306004,257.54,member-nok
RC-ORAK-GIZ2306004,172.6,member-dkk
RC-ORAK-GIZ2306004,23.1,member-eur
RC-ORAK-GIZ2307020,189.97,entrepreneur
RC-ORAK-GIZ2307020,196.67,entrepreneur-nok
RC-ORAK-GIZ2307020,131.81,entrepreneur-dkk
RC-ORAK-GIZ2307020,17.64,entrepreneur-eur
RC-ORAK-GIZ2307020,211.07,member
RC-ORAK-GIZ2307020,218.52,member-nok
RC-ORAK-GIZ2307020,146.45,member-dkk
RC-ORAK-GIZ2307020,19.6,member-eur
RC-ORAK-GIZ2309010,162.83,entrepreneur
RC-ORAK-GIZ2309010,168.57,entrepreneur-nok
RC-ORAK-GIZ2309010,112.98,entrepreneur-dkk
RC-ORAK-GIZ2309010,15.12,entrepreneur-eur
RC-ORAK-GIZ2309010,180.92,member
RC-ORAK-GIZ2309010,187.3,member-nok
RC-ORAK-GIZ2309010,125.53,member-dkk
RC-ORAK-GIZ2309010,16.8,member-eur
RC-ORAK-GIZ2303004,162.83,entrepreneur
RC-ORAK-GIZ2303004,168.57,entrepreneur-nok
RC-ORAK-GIZ2303004,112.98,entrepreneur-dkk
RC-ORAK-GIZ2303004,15.12,entrepreneur-eur
RC-ORAK-GIZ2303004,180.92,member
RC-ORAK-GIZ2303004,187.3,member-nok
RC-ORAK-GIZ2303004,125.53,member-dkk
RC-ORAK-GIZ2303004,16.8,member-eur
RC-ORAK-GIZ2310001,189.97,entrepreneur
RC-ORAK-GIZ2310001,196.67,entrepreneur-nok
RC-ORAK-GIZ2310001,131.81,entrepreneur-dkk
RC-ORAK-GIZ2310001,17.64,entrepreneur-eur
RC-ORAK-GIZ2310001,211.07,member
RC-ORAK-GIZ2310001,218.52,member-nok
RC-ORAK-GIZ2310001,146.45,member-dkk
RC-ORAK-GIZ2310001,19.6,member-eur
RC-ORAK-GIZ2310005,162.83,entrepreneur
RC-ORAK-GIZ2310005,168.57,entrepreneur-nok
RC-ORAK-GIZ2310005,112.98,entrepreneur-dkk
RC-ORAK-GIZ2310005,15.12,entrepreneur-eur
RC-ORAK-GIZ2310005,180.92,member
RC-ORAK-GIZ2310005,187.3,member-nok
RC-ORAK-GIZ2310005,125.53,member-dkk
RC-ORAK-GIZ2310005,16.8,member-eur
RC-ORAK-GIZ2310007,189.97,entrepreneur
RC-ORAK-GIZ2310007,196.67,entrepreneur-nok
RC-ORAK-GIZ2310007,131.81,entrepreneur-dkk
RC-ORAK-GIZ2310007,17.64,entrepreneur-eur
RC-ORAK-GIZ2310007,211.07,member
RC-ORAK-GIZ2310007,218.52,member-nok
RC-ORAK-GIZ2310007,146.45,member-dkk
RC-ORAK-GIZ2310007,19.6,member-eur
RC-ORAK-GIZ2309001,189.97,entrepreneur
RC-ORAK-GIZ2309001,196.67,entrepreneur-nok
RC-ORAK-GIZ2309001,131.81,entrepreneur-dkk
RC-ORAK-GIZ2309001,17.64,entrepreneur-eur
RC-ORAK-GIZ2309001,211.07,member
RC-ORAK-GIZ2309001,218.52,member-nok
RC-ORAK-GIZ2309001,146.45,member-dkk
RC-ORAK-GIZ2309001,19.6,member-eur
RC-ORAK-GIZ2305009,244.24,entrepreneur
RC-ORAK-GIZ2305009,252.86,entrepreneur-nok
RC-ORAK-GIZ2305009,169.46,entrepreneur-dkk
RC-ORAK-GIZ2305009,22.68,entrepreneur-eur
RC-ORAK-GIZ2305009,271.38,member
RC-ORAK-GIZ2305009,280.95,member-nok
RC-ORAK-GIZ2305009,188.29,member-dkk
RC-ORAK-GIZ2305009,25.2,member-eur
RC-ORAK-GIZ2311005,244.24,entrepreneur
RC-ORAK-GIZ2311005,252.86,entrepreneur-nok
RC-ORAK-GIZ2311005,169.46,entrepreneur-dkk
RC-ORAK-GIZ2311005,22.68,entrepreneur-eur
RC-ORAK-GIZ2311005,271.38,member
RC-ORAK-GIZ2311005,280.95,member-nok
RC-ORAK-GIZ2311005,188.29,member-dkk
RC-ORAK-GIZ2311005,25.2,member-eur
RC-ORAK-GIZ2311011,257.81,entrepreneur
RC-ORAK-GIZ2311011,266.91,entrepreneur-nok
RC-ORAK-GIZ2311011,178.88,entrepreneur-dkk
RC-ORAK-GIZ2311011,23.94,entrepreneur-eur
RC-ORAK-GIZ2311011,286.46,member
RC-ORAK-GIZ2311011,296.56,member-nok
RC-ORAK-GIZ2311011,198.76,member-dkk
RC-ORAK-GIZ2311011,26.6,member-eur
RC-ORAK-GIZ2311012,257.81,entrepreneur
RC-ORAK-GIZ2311012,266.91,entrepreneur-nok
RC-ORAK-GIZ2311012,178.88,entrepreneur-dkk
RC-ORAK-GIZ2311012,23.94,entrepreneur-eur
RC-ORAK-GIZ2311012,286.46,member
RC-ORAK-GIZ2311012,296.56,member-nok
RC-ORAK-GIZ2311012,198.76,member-dkk
RC-ORAK-GIZ2311012,26.6,member-eur
RC-ORAK-GIZ2311014,257.81,entrepreneur
RC-ORAK-GIZ2311014,266.91,entrepreneur-nok
RC-ORAK-GIZ2311014,178.88,entrepreneur-dkk
RC-ORAK-GIZ2311014,23.94,entrepreneur-eur
RC-ORAK-GIZ2311014,286.46,member
RC-ORAK-GIZ2311014,296.56,member-nok
RC-ORAK-GIZ2311014,198.76,member-dkk
RC-ORAK-GIZ2311014,26.6,member-eur
RC-ORAK-GIZ2205007,122.12,entrepreneur
RC-ORAK-GIZ2205007,126.43,entrepreneur-nok
RC-ORAK-GIZ2205007,84.73,entrepreneur-dkk
RC-ORAK-GIZ2205007,11.34,entrepreneur-eur
RC-ORAK-GIZ2205007,135.69,member
RC-ORAK-GIZ2205007,140.48,member-nok
RC-ORAK-GIZ2205007,94.15,member-dkk
RC-ORAK-GIZ2205007,12.6,member-eur
RC-ORAK-GIZ2309008,81.41,entrepreneur
RC-ORAK-GIZ2309008,84.29,entrepreneur-nok
RC-ORAK-GIZ2309008,56.49,entrepreneur-dkk
RC-ORAK-GIZ2309008,7.56,entrepreneur-eur
RC-ORAK-GIZ2309008,90.46,member
RC-ORAK-GIZ2309008,93.65,member-nok
RC-ORAK-GIZ2309008,62.76,member-dkk
RC-ORAK-GIZ2309008,8.4,member-eur
RC-ORAK-GIZ2310004,149.26,entrepreneur
RC-ORAK-GIZ2310004,154.53,entrepreneur-nok
RC-ORAK-GIZ2310004,103.56,entrepreneur-dkk
RC-ORAK-GIZ2310004,13.86,entrepreneur-eur
RC-ORAK-GIZ2310004,165.84,member
RC-ORAK-GIZ2310004,171.69,member-nok
RC-ORAK-GIZ2310004,115.07,member-dkk
RC-ORAK-GIZ2310004,15.4,member-eur
RC-ORAK-GIZ2310006,149.26,entrepreneur
RC-ORAK-GIZ2310006,154.53,entrepreneur-nok
RC-ORAK-GIZ2310006,103.56,entrepreneur-dkk
RC-ORAK-GIZ2310006,13.86,entrepreneur-eur
RC-ORAK-GIZ2310006,165.84,member
RC-ORAK-GIZ2310006,171.69,member-nok
RC-ORAK-GIZ2310006,115.07,member-dkk
RC-ORAK-GIZ2310006,15.4,member-eur
RC-ORAK-GIZ2311001,223.89,entrepreneur
RC-ORAK-GIZ2311001,231.79,entrepreneur-nok
RC-ORAK-GIZ2311001,155.34,entrepreneur-dkk
RC-ORAK-GIZ2311001,20.79,entrepreneur-eur
RC-ORAK-GIZ2311001,248.76,member
RC-ORAK-GIZ2311001,257.54,member-nok
RC-ORAK-GIZ2311001,172.6,member-dkk
RC-ORAK-GIZ2311001,23.1,member-eur
RC-ORAK-GIZ2311002,223.89,entrepreneur
RC-ORAK-GIZ2311002,231.79,entrepreneur-nok
RC-ORAK-GIZ2311002,155.34,entrepreneur-dkk
RC-ORAK-GIZ2311002,20.79,entrepreneur-eur
RC-ORAK-GIZ2311002,248.76,member
RC-ORAK-GIZ2311002,257.54,member-nok
RC-ORAK-GIZ2311002,172.6,member-dkk
RC-ORAK-GIZ2311002,23.1,member-eur
RC-ORAK-GIZ2311004,223.89,entrepreneur
RC-ORAK-GIZ2311004,231.79,entrepreneur-nok
RC-ORAK-GIZ2311004,155.34,entrepreneur-dkk
RC-ORAK-GIZ2311004,20.79,entrepreneur-eur
RC-ORAK-GIZ2311004,248.76,member
RC-ORAK-GIZ2311004,257.54,member-nok
RC-ORAK-GIZ2311004,172.6,member-dkk
RC-ORAK-GIZ2311004,23.1,member-eur
RC-ORAK-GIZ2111004,244.24,entrepreneur
RC-ORAK-GIZ2111004,252.86,entrepreneur-nok
RC-ORAK-GIZ2111004,169.46,entrepreneur-dkk
RC-ORAK-GIZ2111004,22.68,entrepreneur-eur
RC-ORAK-GIZ2111004,271.38,member
RC-ORAK-GIZ2111004,280.95,member-nok
RC-ORAK-GIZ2111004,188.29,member-dkk
RC-ORAK-GIZ2111004,25.2,member-eur
RC-ORAK-GIZ2312002,162.83,entrepreneur
RC-ORAK-GIZ2312002,168.57,entrepreneur-nok
RC-ORAK-GIZ2312002,112.98,entrepreneur-dkk
RC-ORAK-GIZ2312002,15.12,entrepreneur-eur
RC-ORAK-GIZ2312002,180.92,member
RC-ORAK-GIZ2312002,187.3,member-nok
RC-ORAK-GIZ2312002,125.53,member-dkk
RC-ORAK-GIZ2312002,16.8,member-eur
RC-ORAK-GIZ2312008,189.97,entrepreneur
RC-ORAK-GIZ2312008,196.67,entrepreneur-nok
RC-ORAK-GIZ2312008,131.81,entrepreneur-dkk
RC-ORAK-GIZ2312008,17.64,entrepreneur-eur
RC-ORAK-GIZ2312008,211.07,member
RC-ORAK-GIZ2312008,218.52,member-nok
RC-ORAK-GIZ2312008,146.45,member-dkk
RC-ORAK-GIZ2312008,19.6,member-eur
RC-ORAK-GIZ2401005,237.46,entrepreneur
RC-ORAK-GIZ2401005,245.84,entrepreneur-nok
RC-ORAK-GIZ2401005,164.76,entrepreneur-dkk
RC-ORAK-GIZ2401005,22.05,entrepreneur-eur
RC-ORAK-GIZ2401005,263.84,member
RC-ORAK-GIZ2401005,273.15,member-nok
RC-ORAK-GIZ2401005,183.06,member-dkk
RC-ORAK-GIZ2401005,24.5,member-eur
RC-ORAK-GIZ2205004,203.53,entrepreneur
RC-ORAK-GIZ2205004,210.72,entrepreneur-nok
RC-ORAK-GIZ2205004,141.22,entrepreneur-dkk
RC-ORAK-GIZ2205004,18.9,entrepreneur-eur
RC-ORAK-GIZ2205004,226.15,member
RC-ORAK-GIZ2205004,234.13,member-nok
RC-ORAK-GIZ2205004,156.91,member-dkk
RC-ORAK-GIZ2205004,21.0,member-eur
RC-ORAK-GIZ2401001,189.97,entrepreneur
RC-ORAK-GIZ2401001,196.67,entrepreneur-nok
RC-ORAK-GIZ2401001,131.81,entrepreneur-dkk
RC-ORAK-GIZ2401001,17.64,entrepreneur-eur
RC-ORAK-GIZ2401001,211.07,member
RC-ORAK-GIZ2401001,218.52,member-nok
RC-ORAK-GIZ2401001,146.45,member-dkk
RC-ORAK-GIZ2401001,19.6,member-eur
RC-ORAK-GIZ2401002,189.97,entrepreneur
RC-ORAK-GIZ2401002,196.67,entrepreneur-nok
RC-ORAK-GIZ2401002,131.81,entrepreneur-dkk
RC-ORAK-GIZ2401002,17.64,entrepreneur-eur
RC-ORAK-GIZ2401002,211.07,member
RC-ORAK-GIZ2401002,218.52,member-nok
RC-ORAK-GIZ2401002,146.45,member-dkk
RC-ORAK-GIZ2401002,19.6,member-eur
RC-ORAK-GIZ2401003,189.97,entrepreneur
RC-ORAK-GIZ2401003,196.67,entrepreneur-nok
RC-ORAK-GIZ2401003,131.81,entrepreneur-dkk
RC-ORAK-GIZ2401003,17.64,entrepreneur-eur
RC-ORAK-GIZ2401003,211.07,member
RC-ORAK-GIZ2401003,218.52,member-nok
RC-ORAK-GIZ2401003,146.45,member-dkk
RC-ORAK-GIZ2401003,19.6,member-eur
RC-ORAK-GIZ2311007,217.1,entrepreneur
RC-ORAK-GIZ2311007,224.76,entrepreneur-nok
RC-ORAK-GIZ2311007,150.64,entrepreneur-dkk
RC-ORAK-GIZ2311007,20.16,entrepreneur-eur
RC-ORAK-GIZ2311007,241.23,member
RC-ORAK-GIZ2311007,249.74,member-nok
RC-ORAK-GIZ2311007,167.37,member-dkk
RC-ORAK-GIZ2311007,22.4,member-eur
RC-ORAK-GIZ2311008,217.1,entrepreneur
RC-ORAK-GIZ2311008,224.76,entrepreneur-nok
RC-ORAK-GIZ2311008,150.64,entrepreneur-dkk
RC-ORAK-GIZ2311008,20.16,entrepreneur-eur
RC-ORAK-GIZ2311008,241.23,member
RC-ORAK-GIZ2311008,249.74,member-nok
RC-ORAK-GIZ2311008,167.37,member-dkk
RC-ORAK-GIZ2311008,22.4,member-eur
RC-ORAK-GIZ2311013,189.97,entrepreneur
RC-ORAK-GIZ2311013,196.67,entrepreneur-nok
RC-ORAK-GIZ2311013,131.81,entrepreneur-dkk
RC-ORAK-GIZ2311013,17.64,entrepreneur-eur
RC-ORAK-GIZ2311013,211.07,member
RC-ORAK-GIZ2311013,218.52,member-nok
RC-ORAK-GIZ2311013,146.45,member-dkk
RC-ORAK-GIZ2311013,19.6,member-eur
RC-ORAK-GIZ2312001,217.1,entrepreneur
RC-ORAK-GIZ2312001,224.76,entrepreneur-nok
RC-ORAK-GIZ2312001,150.64,entrepreneur-dkk
RC-ORAK-GIZ2312001,20.16,entrepreneur-eur
RC-ORAK-GIZ2312001,241.23,member
RC-ORAK-GIZ2312001,249.74,member-nok
RC-ORAK-GIZ2312001,167.37,member-dkk
RC-ORAK-GIZ2312001,22.4,member-eur
RC-ORAK-GIZ2312009,298.52,entrepreneur
RC-ORAK-GIZ2312009,309.05,entrepreneur-nok
RC-ORAK-GIZ2312009,207.12,entrepreneur-dkk
RC-ORAK-GIZ2312009,27.72,entrepreneur-eur
RC-ORAK-GIZ2312009,331.69,member
RC-ORAK-GIZ2312009,343.39,member-nok
RC-ORAK-GIZ2312009,230.14,member-dkk
RC-ORAK-GIZ2312009,30.8,member-eur
RC-ORAK-2312005-01,237.46,entrepreneur
RC-ORAK-2312005-01,245.84,entrepreneur-nok
RC-ORAK-2312005-01,164.76,entrepreneur-dkk
RC-ORAK-2312005-01,22.05,entrepreneur-eur
RC-ORAK-2312005-01,263.84,member
RC-ORAK-2312005-01,273.15,member-nok
RC-ORAK-2312005-01,183.06,member-dkk
RC-ORAK-2312005-01,24.5,member-eur
RC-ORAK-GIZ2312006,203.53,entrepreneur
RC-ORAK-GIZ2312006,210.72,entrepreneur-nok
RC-ORAK-GIZ2312006,141.22,entrepreneur-dkk
RC-ORAK-GIZ2312006,18.9,entrepreneur-eur
RC-ORAK-GIZ2312006,226.15,member
RC-ORAK-GIZ2312006,234.13,member-nok
RC-ORAK-GIZ2312006,156.91,member-dkk
RC-ORAK-GIZ2312006,21.0,member-eur
RC-ORAK-GIZ2301009,183.18,entrepreneur
RC-ORAK-GIZ2301009,189.64,entrepreneur-nok
RC-ORAK-GIZ2301009,127.1,entrepreneur-dkk
RC-ORAK-GIZ2301009,17.01,entrepreneur-eur
RC-ORAK-GIZ2301009,203.53,member
RC-ORAK-GIZ2301009,210.72,member-nok
RC-ORAK-GIZ2301009,141.22,member-dkk
RC-ORAK-GIZ2301009,18.9,member-eur
RC-ORAK-GIZ2111005,162.83,entrepreneur
RC-ORAK-GIZ2111005,168.57,entrepreneur-nok
RC-ORAK-GIZ2111005,112.98,entrepreneur-dkk
RC-ORAK-GIZ2111005,15.12,entrepreneur-eur
RC-ORAK-GIZ2111005,180.92,member
RC-ORAK-GIZ2111005,187.3,member-nok
RC-ORAK-GIZ2111005,125.53,member-dkk
RC-ORAK-GIZ2111005,16.8,member-eur
RC-ORAK-GIZ2204005,162.83,entrepreneur
RC-ORAK-GIZ2204005,168.57,entrepreneur-nok
RC-ORAK-GIZ2204005,112.98,entrepreneur-dkk
RC-ORAK-GIZ2204005,15.12,entrepreneur-eur
RC-ORAK-GIZ2204005,180.92,member
RC-ORAK-GIZ2204005,187.3,member-nok
RC-ORAK-GIZ2204005,125.53,member-dkk
RC-ORAK-GIZ2204005,16.8,member-eur
RC-ORAK-GIZ2206006,244.24,entrepreneur
RC-ORAK-GIZ2206006,252.86,entrepreneur-nok
RC-ORAK-GIZ2206006,169.46,entrepreneur-dkk
RC-ORAK-GIZ2206006,22.68,entrepreneur-eur
RC-ORAK-GIZ2206006,271.38,member
RC-ORAK-GIZ2206006,280.95,member-nok
RC-ORAK-GIZ2206006,188.29,member-dkk
RC-ORAK-GIZ2206006,25.2,member-eur
RC-ORAK-GIZ2301002,244.24,entrepreneur
RC-ORAK-GIZ2301002,252.86,entrepreneur-nok
RC-ORAK-GIZ2301002,169.46,entrepreneur-dkk
RC-ORAK-GIZ2301002,22.68,entrepreneur-eur
RC-ORAK-GIZ2301002,271.38,member
RC-ORAK-GIZ2301002,280.95,member-nok
RC-ORAK-GIZ2301002,188.29,member-dkk
RC-ORAK-GIZ2301002,25.2,member-eur
RC-ORAK-GIZ2210002,244.24,entrepreneur
RC-ORAK-GIZ2210002,252.86,entrepreneur-nok
RC-ORAK-GIZ2210002,169.46,entrepreneur-dkk
RC-ORAK-GIZ2210002,22.68,entrepreneur-eur
RC-ORAK-GIZ2210002,271.38,member
RC-ORAK-GIZ2210002,280.95,member-nok
RC-ORAK-GIZ2210002,188.29,member-dkk
RC-ORAK-GIZ2210002,25.2,member-eur
RC-ORAK-240109-01,244.24,entrepreneur
RC-ORAK-240109-01,252.86,entrepreneur-nok
RC-ORAK-240109-01,169.46,entrepreneur-dkk
RC-ORAK-240109-01,22.68,entrepreneur-eur
RC-ORAK-240109-01,271.38,member
RC-ORAK-240109-01,280.95,member-nok
RC-ORAK-240109-01,188.29,member-dkk
RC-ORAK-240109-01,25.2,member-eur
RC-ORAK-240201-01,176.4,entrepreneur
RC-ORAK-240201-01,182.62,entrepreneur-nok
RC-ORAK-240201-01,122.39,entrepreneur-dkk
RC-ORAK-240201-01,16.38,entrepreneur-eur
RC-ORAK-240201-01,196.0,member
RC-ORAK-240201-01,202.91,member-nok
RC-ORAK-240201-01,135.99,member-dkk
RC-ORAK-240201-01,18.2,member-eur
RC-ORAK-240201-02,176.4,entrepreneur
RC-ORAK-240201-02,182.62,entrepreneur-nok
RC-ORAK-240201-02,122.39,entrepreneur-dkk
RC-ORAK-240201-02,16.38,entrepreneur-eur
RC-ORAK-240201-02,196.0,member
RC-ORAK-240201-02,202.91,member-nok
RC-ORAK-240201-02,135.99,member-dkk
RC-ORAK-240201-02,18.2,member-eur
RC-ORAK-240213-01,189.97,entrepreneur
RC-ORAK-240213-01,196.67,entrepreneur-nok
RC-ORAK-240213-01,131.81,entrepreneur-dkk
RC-ORAK-240213-01,17.64,entrepreneur-eur
RC-ORAK-240213-01,211.07,member
RC-ORAK-240213-01,218.52,member-nok
RC-ORAK-240213-01,146.45,member-dkk
RC-ORAK-240213-01,19.6,member-eur
RC-ORAK-240202-01,162.83,entrepreneur
RC-ORAK-240202-01,168.57,entrepreneur-nok
RC-ORAK-240202-01,112.98,entrepreneur-dkk
RC-ORAK-240202-01,15.12,entrepreneur-eur
RC-ORAK-240202-01,180.92,member
RC-ORAK-240202-01,187.3,member-nok
RC-ORAK-240202-01,125.53,member-dkk
RC-ORAK-240202-01,16.8,member-eur
RC-ORAK-240204-01,149.26,entrepreneur
RC-ORAK-240204-01,154.53,entrepreneur-nok
RC-ORAK-240204-01,103.56,entrepreneur-dkk
RC-ORAK-240204-01,13.86,entrepreneur-eur
RC-ORAK-240204-01,165.84,member
RC-ORAK-240204-01,171.69,member-nok
RC-ORAK-240204-01,115.07,member-dkk
RC-ORAK-240204-01,15.4,member-eur
RC-ORAK-240208-01,189.97,entrepreneur
RC-ORAK-240208-01,196.67,entrepreneur-nok
RC-ORAK-240208-01,131.81,entrepreneur-dkk
RC-ORAK-240208-01,17.64,entrepreneur-eur
RC-ORAK-240208-01,211.07,member
RC-ORAK-240208-01,218.52,member-nok
RC-ORAK-240208-01,146.45,member-dkk
RC-ORAK-240208-01,19.6,member-eur
RC-ORAK-240304-02,189.97,entrepreneur
RC-ORAK-240304-02,196.67,entrepreneur-nok
RC-ORAK-240304-02,131.81,entrepreneur-dkk
RC-ORAK-240304-02,17.64,entrepreneur-eur
RC-ORAK-240304-02,211.07,member
RC-ORAK-240304-02,218.52,member-nok
RC-ORAK-240304-02,146.45,member-dkk
RC-ORAK-240304-02,19.6,member-eur
RC-ORAK-240304-03,189.97,entrepreneur
RC-ORAK-240304-03,196.67,entrepreneur-nok
RC-ORAK-240304-03,131.81,entrepreneur-dkk
RC-ORAK-240304-03,17.64,entrepreneur-eur
RC-ORAK-240304-03,211.07,member
RC-ORAK-240304-03,218.52,member-nok
RC-ORAK-240304-03,146.45,member-dkk
RC-ORAK-240304-03,19.6,member-eur
RC-ORAK-240305-01,162.83,entrepreneur
RC-ORAK-240305-01,168.57,entrepreneur-nok
RC-ORAK-240305-01,112.98,entrepreneur-dkk
RC-ORAK-240305-01,15.12,entrepreneur-eur
RC-ORAK-240305-01,180.92,member
RC-ORAK-240305-01,187.3,member-nok
RC-ORAK-240305-01,125.53,member-dkk
RC-ORAK-240305-01,16.8,member-eur
RC-ORAK-240211-06,162.83,entrepreneur
RC-ORAK-240211-06,168.57,entrepreneur-nok
RC-ORAK-240211-06,112.98,entrepreneur-dkk
RC-ORAK-240211-06,15.12,entrepreneur-eur
RC-ORAK-240211-06,180.92,member
RC-ORAK-240211-06,187.3,member-nok
RC-ORAK-240211-06,125.53,member-dkk
RC-ORAK-240211-06,16.8,member-eur
RC-ORAK-240211-01,189.97,entrepreneur
RC-ORAK-240211-01,196.67,entrepreneur-nok
RC-ORAK-240211-01,131.81,entrepreneur-dkk
RC-ORAK-240211-01,17.64,entrepreneur-eur
RC-ORAK-240211-01,211.07,member
RC-ORAK-240211-01,218.52,member-nok
RC-ORAK-240211-01,146.45,member-dkk
RC-ORAK-240211-01,19.6,member-eur
RC-ORAK-GIZ2306006,122.12,entrepreneur
RC-ORAK-GIZ2306006,126.43,entrepreneur-nok
RC-ORAK-GIZ2306006,84.73,entrepreneur-dkk
RC-ORAK-GIZ2306006,11.34,entrepreneur-eur
RC-ORAK-GIZ2306006,135.69,member
RC-ORAK-GIZ2306006,140.48,member-nok
RC-ORAK-GIZ2306006,94.15,member-dkk
RC-ORAK-GIZ2306006,12.6,member-eur
RC-ORAK-GIZ2401007,135.69,entrepreneur
RC-ORAK-GIZ2401007,140.48,entrepreneur-nok
RC-ORAK-GIZ2401007,94.15,entrepreneur-dkk
RC-ORAK-GIZ2401007,12.6,entrepreneur-eur
RC-ORAK-GIZ2401007,150.77,member
RC-ORAK-GIZ2401007,156.09,member-nok
RC-ORAK-GIZ2401007,104.61,member-dkk
RC-ORAK-GIZ2401007,14.0,member-eur
RC-ORAK-240211-02,189.97,entrepreneur
RC-ORAK-240211-02,196.67,entrepreneur-nok
RC-ORAK-240211-02,131.81,entrepreneur-dkk
RC-ORAK-240211-02,17.64,entrepreneur-eur
RC-ORAK-240211-02,211.07,member
RC-ORAK-240211-02,218.52,member-nok
RC-ORAK-240211-02,146.45,member-dkk
RC-ORAK-240211-02,19.6,member-eur
RC-ORAK-240310-01,122.12,entrepreneur
RC-ORAK-240310-01,126.43,entrepreneur-nok
RC-ORAK-240310-01,84.73,entrepreneur-dkk
RC-ORAK-240310-01,11.34,entrepreneur-eur
RC-ORAK-240310-01,135.69,member
RC-ORAK-240310-01,140.48,member-nok
RC-ORAK-240310-01,94.15,member-dkk
RC-ORAK-240310-01,12.6,member-eur
RC-ORAK-240401-01,176.4,entrepreneur
RC-ORAK-240401-01,182.62,entrepreneur-nok
RC-ORAK-240401-01,122.39,entrepreneur-dkk
RC-ORAK-240401-01,16.38,entrepreneur-eur
RC-ORAK-240401-01,196.0,member
RC-ORAK-240401-01,202.91,member-nok
RC-ORAK-240401-01,135.99,member-dkk
RC-ORAK-240401-01,18.2,member-eur
RC-ORAK-240505-01,244.24,entrepreneur
RC-ORAK-240505-01,252.86,entrepreneur-nok
RC-ORAK-240505-01,169.46,entrepreneur-dkk
RC-ORAK-240505-01,22.68,entrepreneur-eur
RC-ORAK-240505-01,271.38,member
RC-ORAK-240505-01,280.95,member-nok
RC-ORAK-240505-01,188.29,member-dkk
RC-ORAK-240505-01,25.2,member-eur
RC-ORAK-240314-01,189.97,entrepreneur
RC-ORAK-240314-01,196.67,entrepreneur-nok
RC-ORAK-240314-01,131.81,entrepreneur-dkk
RC-ORAK-240314-01,17.64,entrepreneur-eur
RC-ORAK-240314-01,211.07,member
RC-ORAK-240314-01,218.52,member-nok
RC-ORAK-240314-01,146.45,member-dkk
RC-ORAK-240314-01,19.6,member-eur
RC-ORAK-240801-01,162.83,entrepreneur
RC-ORAK-240801-01,168.57,entrepreneur-nok
RC-ORAK-240801-01,112.98,entrepreneur-dkk
RC-ORAK-240801-01,15.12,entrepreneur-eur
RC-ORAK-240801-01,180.92,member
RC-ORAK-240801-01,187.3,member-nok
RC-ORAK-240801-01,125.53,member-dkk
RC-ORAK-240801-01,16.8,member-eur
RC-ORAK-240708-01,189.97,entrepreneur
RC-ORAK-240708-01,196.67,entrepreneur-nok
RC-ORAK-240708-01,131.81,entrepreneur-dkk
RC-ORAK-240708-01,17.64,entrepreneur-eur
RC-ORAK-240708-01,211.07,member
RC-ORAK-240708-01,218.52,member-nok
RC-ORAK-240708-01,146.45,member-dkk
RC-ORAK-240708-01,19.6,member-eur
RC-ORAK-250307-02,189.97,entrepreneur
RC-ORAK-250307-02,196.67,entrepreneur-nok
RC-ORAK-250307-02,131.81,entrepreneur-dkk
RC-ORAK-250307-02,17.64,entrepreneur-eur
RC-ORAK-250307-02,211.07,member
RC-ORAK-250307-02,218.52,member-nok
RC-ORAK-250307-02,146.45,member-dkk
RC-ORAK-250307-02,19.6,member-eur
RC-ORAK-241109-03,189.97,entrepreneur
RC-ORAK-241109-03,196.67,entrepreneur-nok
RC-ORAK-241109-03,131.81,entrepreneur-dkk
RC-ORAK-241109-03,17.64,entrepreneur-eur
RC-ORAK-241109-03,211.07,member
RC-ORAK-241109-03,218.52,member-nok
RC-ORAK-241109-03,146.45,member-dkk
RC-ORAK-241109-03,19.6,member-eur
RC-ORAK-241105-02,189.97,entrepreneur
RC-ORAK-241105-02,196.67,entrepreneur-nok
RC-ORAK-241105-02,131.81,entrepreneur-dkk
RC-ORAK-241105-02,17.64,entrepreneur-eur
RC-ORAK-241105-02,211.07,member
RC-ORAK-241105-02,218.52,member-nok
RC-ORAK-241105-02,146.45,member-dkk
RC-ORAK-241105-02,19.6,member-eur
RC-ORAK-250201-04,189.97,entrepreneur
RC-ORAK-250201-04,196.67,entrepreneur-nok
RC-ORAK-250201-04,131.81,entrepreneur-dkk
RC-ORAK-250201-04,17.64,entrepreneur-eur
RC-ORAK-250201-04,211.07,member
RC-ORAK-250201-04,218.52,member-nok
RC-ORAK-250201-04,146.45,member-dkk
RC-ORAK-250201-04,19.6,member-eur
RC-ORAK-250307-01,189.97,entrepreneur
RC-ORAK-250307-01,196.67,entrepreneur-nok
RC-ORAK-250307-01,131.81,entrepreneur-dkk
RC-ORAK-250307-01,17.64,entrepreneur-eur
RC-ORAK-250307-01,211.07,member
RC-ORAK-250307-01,218.52,member-nok
RC-ORAK-250307-01,146.45,member-dkk
RC-ORAK-250307-01,19.6,member-eur
RC-ORAK-250201-02,189.97,entrepreneur
RC-ORAK-250201-02,196.67,entrepreneur-nok
RC-ORAK-250201-02,131.81,entrepreneur-dkk
RC-ORAK-250201-02,17.64,entrepreneur-eur
RC-ORAK-250201-02,211.07,member
RC-ORAK-250201-02,218.52,member-nok
RC-ORAK-250201-02,146.45,member-dkk
RC-ORAK-250201-02,19.6,member-eur
RC-ORAK-250302-01,169.61,entrepreneur
RC-ORAK-250302-01,175.6,entrepreneur-nok
RC-ORAK-250302-01,117.68,entrepreneur-dkk
RC-ORAK-250302-01,15.75,entrepreneur-eur
RC-ORAK-250302-01,188.46,member
RC-ORAK-250302-01,195.11,member-nok
RC-ORAK-250302-01,130.76,member-dkk
RC-ORAK-250302-01,17.5,member-eur
RC-ORAK-250302-02,203.53,entrepreneur
RC-ORAK-250302-02,210.72,entrepreneur-nok
RC-ORAK-250302-02,141.22,entrepreneur-dkk
RC-ORAK-250302-02,18.9,entrepreneur-eur
RC-ORAK-250302-02,226.15,member
RC-ORAK-250302-02,234.13,member-nok
RC-ORAK-250302-02,156.91,member-dkk
RC-ORAK-250302-02,21.0,member-eur
RC-ORAK-241109-07,189.97,entrepreneur
RC-ORAK-241109-07,196.67,entrepreneur-nok
RC-ORAK-241109-07,131.81,entrepreneur-dkk
RC-ORAK-241109-07,17.64,entrepreneur-eur
RC-ORAK-241109-07,211.07,member
RC-ORAK-241109-07,218.52,member-nok
RC-ORAK-241109-07,146.45,member-dkk
RC-ORAK-241109-07,19.6,member-eur
RC-ORAK-250203-01,142.47,entrepreneur
RC-ORAK-250203-01,147.5,entrepreneur-nok
RC-ORAK-250203-01,98.85,entrepreneur-dkk
RC-ORAK-250203-01,13.23,entrepreneur-eur
RC-ORAK-250203-01,158.3,member
RC-ORAK-250203-01,163.89,member-nok
RC-ORAK-250203-01,109.84,member-dkk
RC-ORAK-250203-01,14.7,member-eur
RC-ORAK-250201-03,142.47,entrepreneur
RC-ORAK-250201-03,147.5,entrepreneur-nok
RC-ORAK-250201-03,98.85,entrepreneur-dkk
RC-ORAK-250201-03,13.23,entrepreneur-eur
RC-ORAK-250201-03,158.3,member
RC-ORAK-250201-03,163.89,member-nok
RC-ORAK-250201-03,109.84,member-dkk
RC-ORAK-250201-03,14.7,member-eur
RC-ORAK-240604-01,271.38,entrepreneur
RC-ORAK-240604-01,280.95,entrepreneur-nok
RC-ORAK-240604-01,188.29,entrepreneur-dkk
RC-ORAK-240604-01,25.2,entrepreneur-eur
RC-ORAK-240604-01,301.53,member
RC-ORAK-240604-01,312.17,member-nok
RC-ORAK-240604-01,209.22,member-dkk
RC-ORAK-240604-01,28.0,member-eur
RC-ORAK-240309-02,203.53,entrepreneur
RC-ORAK-240309-02,210.72,entrepreneur-nok
RC-ORAK-240309-02,141.22,entrepreneur-dkk
RC-ORAK-240309-02,18.9,entrepreneur-eur
RC-ORAK-240309-02,226.15,member
RC-ORAK-240309-02,234.13,member-nok
RC-ORAK-240309-02,156.91,member-dkk
RC-ORAK-240309-02,21.0,member-eur
RC-ORAK-240501-01,189.97,entrepreneur
RC-ORAK-240501-01,196.67,entrepreneur-nok
RC-ORAK-240501-01,131.81,entrepreneur-dkk
RC-ORAK-240501-01,17.64,entrepreneur-eur
RC-ORAK-240501-01,211.07,member
RC-ORAK-240501-01,218.52,member-nok
RC-ORAK-240501-01,146.45,member-dkk
RC-ORAK-240501-01,19.6,member-eur
RC-ORAK-240502-01,217.1,entrepreneur
RC-ORAK-240502-01,224.76,entrepreneur-nok
RC-ORAK-240502-01,150.64,entrepreneur-dkk
RC-ORAK-240502-01,20.16,entrepreneur-eur
RC-ORAK-240502-01,241.23,member
RC-ORAK-240502-01,249.74,member-nok
RC-ORAK-240502-01,167.37,member-dkk
RC-ORAK-240502-01,22.4,member-eur
RC-ORAK-240502-02,217.1,entrepreneur
RC-ORAK-240502-02,224.76,entrepreneur-nok
RC-ORAK-240502-02,150.64,entrepreneur-dkk
RC-ORAK-240502-02,20.16,entrepreneur-eur
RC-ORAK-240502-02,241.23,member
RC-ORAK-240502-02,249.74,member-nok
RC-ORAK-240502-02,167.37,member-dkk
RC-ORAK-240502-02,22.4,member-eur
RC-ORAK-240503-01,217.1,entrepreneur
RC-ORAK-240503-01,224.76,entrepreneur-nok
RC-ORAK-240503-01,150.64,entrepreneur-dkk
RC-ORAK-240503-01,20.16,entrepreneur-eur
RC-ORAK-240503-01,241.23,member
RC-ORAK-240503-01,249.74,member-nok
RC-ORAK-240503-01,167.37,member-dkk
RC-ORAK-240503-01,22.4,member-eur
RC-ORAK-240803-02,174.46,entrepreneur
RC-ORAK-240803-02,180.61,entrepreneur-nok
RC-ORAK-240803-02,121.05,entrepreneur-dkk
RC-ORAK-240803-02,16.2,entrepreneur-eur
RC-ORAK-240803-02,193.84,member
RC-ORAK-240803-02,200.68,member-nok
RC-ORAK-240803-02,134.5,member-dkk
RC-ORAK-240803-02,18.0,member-eur
RC-ORAK-240803-01,135.69,entrepreneur
RC-ORAK-240803-01,140.48,entrepreneur-nok
RC-ORAK-240803-01,94.15,entrepreneur-dkk
RC-ORAK-240803-01,12.6,entrepreneur-eur
RC-ORAK-240803-01,150.77,member
RC-ORAK-240803-01,156.09,member-nok
RC-ORAK-240803-01,104.61,member-dkk
RC-ORAK-240803-01,14.0,member-eur
RC-ORAK-240803-03,244.24,entrepreneur
RC-ORAK-240803-03,252.86,entrepreneur-nok
RC-ORAK-240803-03,169.46,entrepreneur-dkk
RC-ORAK-240803-03,22.68,entrepreneur-eur
RC-ORAK-240803-03,271.38,member
RC-ORAK-240803-03,280.95,member-nok
RC-ORAK-240803-03,188.29,member-dkk
RC-ORAK-240803-03,25.2,member-eur
RC-ORAK-240506-01,189.97,entrepreneur
RC-ORAK-240506-01,196.67,entrepreneur-nok
RC-ORAK-240506-01,131.81,entrepreneur-dkk
RC-ORAK-240506-01,17.64,entrepreneur-eur
RC-ORAK-240506-01,211.07,member
RC-ORAK-240506-01,218.52,member-nok
RC-ORAK-240506-01,146.45,member-dkk
RC-ORAK-240506-01,19.6,member-eur
RC-ORAK-240701-08,162.83,entrepreneur
RC-ORAK-240701-08,168.57,entrepreneur-nok
RC-ORAK-240701-08,112.98,entrepreneur-dkk
RC-ORAK-240701-08,15.12,entrepreneur-eur
RC-ORAK-240701-08,180.92,member
RC-ORAK-240701-08,187.3,member-nok
RC-ORAK-240701-08,125.53,member-dkk
RC-ORAK-240701-08,16.8,member-eur
RC-ORAK-240701-01,162.83,entrepreneur
RC-ORAK-240701-01,168.57,entrepreneur-nok
RC-ORAK-240701-01,112.98,entrepreneur-dkk
RC-ORAK-240701-01,15.12,entrepreneur-eur
RC-ORAK-240701-01,180.92,member
RC-ORAK-240701-01,187.3,member-nok
RC-ORAK-240701-01,125.53,member-dkk
RC-ORAK-240701-01,16.8,member-eur
RC-ORAK-240404-01,217.1,entrepreneur
RC-ORAK-240404-01,224.76,entrepreneur-nok
RC-ORAK-240404-01,150.64,entrepreneur-dkk
RC-ORAK-240404-01,20.16,entrepreneur-eur
RC-ORAK-240404-01,241.23,member
RC-ORAK-240404-01,249.74,member-nok
RC-ORAK-240404-01,167.37,member-dkk
RC-ORAK-240404-01,22.4,member-eur
RC-ORAK-240707-01,244.24,entrepreneur
RC-ORAK-240707-01,252.86,entrepreneur-nok
RC-ORAK-240707-01,169.46,entrepreneur-dkk
RC-ORAK-240707-01,22.68,entrepreneur-eur
RC-ORAK-240707-01,271.38,member
RC-ORAK-240707-01,280.95,member-nok
RC-ORAK-240707-01,188.29,member-dkk
RC-ORAK-240707-01,25.2,member-eur
RC-ORAK-240603-01,244.24,entrepreneur
RC-ORAK-240603-01,252.86,entrepreneur-nok
RC-ORAK-240603-01,169.46,entrepreneur-dkk
RC-ORAK-240603-01,22.68,entrepreneur-eur
RC-ORAK-240603-01,271.38,member
RC-ORAK-240603-01,280.95,member-nok
RC-ORAK-240603-01,188.29,member-dkk
RC-ORAK-240603-01,25.2,member-eur
RC-ORAK-241101-01,77.54,entrepreneur
RC-ORAK-241101-01,80.27,entrepreneur-nok
RC-ORAK-241101-01,53.8,entrepreneur-dkk
RC-ORAK-241101-01,7.2,entrepreneur-eur
RC-ORAK-241101-01,86.15,member
RC-ORAK-241101-01,89.19,member-nok
RC-ORAK-241101-01,59.78,member-dkk
RC-ORAK-241101-01,8.0,member-eur
RC-ORAK-241101-02,174.46,entrepreneur
RC-ORAK-241101-02,180.61,entrepreneur-nok
RC-ORAK-241101-02,121.05,entrepreneur-dkk
RC-ORAK-241101-02,16.2,entrepreneur-eur
RC-ORAK-241101-02,193.84,member
RC-ORAK-241101-02,200.68,member-nok
RC-ORAK-241101-02,134.5,member-dkk
RC-ORAK-241101-02,18.0,member-eur
RC-ORAK-240606-01,244.24,entrepreneur
RC-ORAK-240606-01,252.86,entrepreneur-nok
RC-ORAK-240606-01,169.46,entrepreneur-dkk
RC-ORAK-240606-01,22.68,entrepreneur-eur
RC-ORAK-240606-01,271.38,member
RC-ORAK-240606-01,280.95,member-nok
RC-ORAK-240606-01,188.29,member-dkk
RC-ORAK-240606-01,25.2,member-eur
RC-ORAK-240901-01,217.1,entrepreneur
RC-ORAK-240901-01,224.76,entrepreneur-nok
RC-ORAK-240901-01,150.64,entrepreneur-dkk
RC-ORAK-240901-01,20.16,entrepreneur-eur
RC-ORAK-240901-01,241.23,member
RC-ORAK-240901-01,249.74,member-nok
RC-ORAK-240901-01,167.37,member-dkk
RC-ORAK-240901-01,22.4,member-eur
RC-ORAK-240902-02,189.97,entrepreneur
RC-ORAK-240902-02,196.67,entrepreneur-nok
RC-ORAK-240902-02,131.81,entrepreneur-dkk
RC-ORAK-240902-02,17.64,entrepreneur-eur
RC-ORAK-240902-02,211.07,member
RC-ORAK-240902-02,218.52,member-nok
RC-ORAK-240902-02,146.45,member-dkk
RC-ORAK-240902-02,19.6,member-eur
RC-ORAK-240702-01,189.97,entrepreneur
RC-ORAK-240702-01,196.67,entrepreneur-nok
RC-ORAK-240702-01,131.81,entrepreneur-dkk
RC-ORAK-240702-01,17.64,entrepreneur-eur
RC-ORAK-240702-01,211.07,member
RC-ORAK-240702-01,218.52,member-nok
RC-ORAK-240702-01,146.45,member-dkk
RC-ORAK-240702-01,19.6,member-eur
RC-ORAK-240802-01,162.83,entrepreneur
RC-ORAK-240802-01,168.57,entrepreneur-nok
RC-ORAK-240802-01,112.98,entrepreneur-dkk
RC-ORAK-240802-01,15.12,entrepreneur-eur
RC-ORAK-240802-01,180.92,member
RC-ORAK-240802-01,187.3,member-nok
RC-ORAK-240802-01,125.53,member-dkk
RC-ORAK-240802-01,16.8,member-eur
RC-ORAK-240804-02,189.97,entrepreneur
RC-ORAK-240804-02,196.67,entrepreneur-nok
RC-ORAK-240804-02,131.81,entrepreneur-dkk
RC-ORAK-240804-02,17.64,entrepreneur-eur
RC-ORAK-240804-02,211.07,member
RC-ORAK-240804-02,218.52,member-nok
RC-ORAK-240804-02,146.45,member-dkk
RC-ORAK-240804-02,19.6,member-eur
RC-ORAK-240802-02,176.4,entrepreneur
RC-ORAK-240802-02,182.62,entrepreneur-nok
RC-ORAK-240802-02,122.39,entrepreneur-dkk
RC-ORAK-240802-02,16.38,entrepreneur-eur
RC-ORAK-240802-02,196.0,member
RC-ORAK-240802-02,202.91,member-nok
RC-ORAK-240802-02,135.99,member-dkk
RC-ORAK-240802-02,18.2,member-eur
RC-ORAK-240203-01,217.1,entrepreneur
RC-ORAK-240203-01,224.76,entrepreneur-nok
RC-ORAK-240203-01,150.64,entrepreneur-dkk
RC-ORAK-240203-01,20.16,entrepreneur-eur
RC-ORAK-240203-01,241.23,member
RC-ORAK-240203-01,249.74,member-nok
RC-ORAK-240203-01,167.37,member-dkk
RC-ORAK-240203-01,22.4,member-eur
RC-ORAK-240701-03,189.97,entrepreneur
RC-ORAK-240701-03,196.67,entrepreneur-nok
RC-ORAK-240701-03,131.81,entrepreneur-dkk
RC-ORAK-240701-03,17.64,entrepreneur-eur
RC-ORAK-240701-03,211.07,member
RC-ORAK-240701-03,218.52,member-nok
RC-ORAK-240701-03,146.45,member-dkk
RC-ORAK-240701-03,19.6,member-eur
RC-ORAK-240603-02,244.24,entrepreneur
RC-ORAK-240603-02,252.86,entrepreneur-nok
RC-ORAK-240603-02,169.46,entrepreneur-dkk
RC-ORAK-240603-02,22.68,entrepreneur-eur
RC-ORAK-240603-02,271.38,member
RC-ORAK-240603-02,280.95,member-nok
RC-ORAK-240603-02,188.29,member-dkk
RC-ORAK-240603-02,25.2,member-eur
RC-ORAK-GIZ2311010,244.24,entrepreneur
RC-ORAK-GIZ2311010,252.86,entrepreneur-nok
RC-ORAK-GIZ2311010,169.46,entrepreneur-dkk
RC-ORAK-GIZ2311010,22.68,entrepreneur-eur
RC-ORAK-GIZ2311010,271.38,member
RC-ORAK-GIZ2311010,280.95,member-nok
RC-ORAK-GIZ2311010,188.29,member-dkk
RC-ORAK-GIZ2311010,25.2,member-eur
RC-ORAK-240908-01,271.38,entrepreneur
RC-ORAK-240908-01,280.95,entrepreneur-nok
RC-ORAK-240908-01,188.29,entrepreneur-dkk
RC-ORAK-240908-01,25.2,entrepreneur-eur
RC-ORAK-240908-01,301.53,member
RC-ORAK-240908-01,312.17,member-nok
RC-ORAK-240908-01,209.22,member-dkk
RC-ORAK-240908-01,28.0,member-eur
RC-ORAK-240908-02,271.38,entrepreneur
RC-ORAK-240908-02,280.95,entrepreneur-nok
RC-ORAK-240908-02,188.29,entrepreneur-dkk
RC-ORAK-240908-02,25.2,entrepreneur-eur
RC-ORAK-240908-02,301.53,member
RC-ORAK-240908-02,312.17,member-nok
RC-ORAK-240908-02,209.22,member-dkk
RC-ORAK-240908-02,28.0,member-eur
RC-ORAK-240911-01,244.24,entrepreneur
RC-ORAK-240911-01,252.86,entrepreneur-nok
RC-ORAK-240911-01,169.46,entrepreneur-dkk
RC-ORAK-240911-01,22.68,entrepreneur-eur
RC-ORAK-240911-01,271.38,member
RC-ORAK-240911-01,280.95,member-nok
RC-ORAK-240911-01,188.29,member-dkk
RC-ORAK-240911-01,25.2,member-eur
RC-ORAK-241001-02,162.83,entrepreneur
RC-ORAK-241001-02,168.57,entrepreneur-nok
RC-ORAK-241001-02,112.98,entrepreneur-dkk
RC-ORAK-241001-02,15.12,entrepreneur-eur
RC-ORAK-241001-02,180.92,member
RC-ORAK-241001-02,187.3,member-nok
RC-ORAK-241001-02,125.53,member-dkk
RC-ORAK-241001-02,16.8,member-eur
RC-ORAK-241103-01,193.84,entrepreneur
RC-ORAK-241103-01,200.68,entrepreneur-nok
RC-ORAK-241103-01,134.5,entrepreneur-dkk
RC-ORAK-241103-01,18.0,entrepreneur-eur
RC-ORAK-241103-01,215.38,member
RC-ORAK-241103-01,222.98,member-nok
RC-ORAK-241103-01,149.44,member-dkk
RC-ORAK-241103-01,20.0,member-eur
RC-ORAK-241104-01,189.97,entrepreneur
RC-ORAK-241104-01,196.67,entrepreneur-nok
RC-ORAK-241104-01,131.81,entrepreneur-dkk
RC-ORAK-241104-01,17.64,entrepreneur-eur
RC-ORAK-241104-01,211.07,member
RC-ORAK-241104-01,218.52,member-nok
RC-ORAK-241104-01,146.45,member-dkk
RC-ORAK-241104-01,19.6,member-eur
RC-ORAK-241104-02,189.97,entrepreneur
RC-ORAK-241104-02,196.67,entrepreneur-nok
RC-ORAK-241104-02,131.81,entrepreneur-dkk
RC-ORAK-241104-02,17.64,entrepreneur-eur
RC-ORAK-241104-02,211.07,member
RC-ORAK-241104-02,218.52,member-nok
RC-ORAK-241104-02,146.45,member-dkk
RC-ORAK-241104-02,19.6,member-eur
RC-ORAK-241105-01,149.26,entrepreneur
RC-ORAK-241105-01,154.53,entrepreneur-nok
RC-ORAK-241105-01,103.56,entrepreneur-dkk
RC-ORAK-241105-01,13.86,entrepreneur-eur
RC-ORAK-241105-01,165.84,member
RC-ORAK-241105-01,171.69,member-nok
RC-ORAK-241105-01,115.07,member-dkk
RC-ORAK-241105-01,15.4,member-eur
RC-ORAK-SAPE-2,155.07,entrepreneur
RC-ORAK-SAPE-2,160.55,entrepreneur-nok
RC-ORAK-SAPE-2,107.6,entrepreneur-dkk
RC-ORAK-SAPE-2,14.4,entrepreneur-eur
RC-ORAK-SAPE-2,172.3,member
RC-ORAK-SAPE-2,178.38,member-nok
RC-ORAK-SAPE-2,119.55,member-dkk
RC-ORAK-SAPE-2,16.0,member-eur
RC-ORAK-SAPE-3,155.07,entrepreneur
RC-ORAK-SAPE-3,160.55,entrepreneur-nok
RC-ORAK-SAPE-3,107.6,entrepreneur-dkk
RC-ORAK-SAPE-3,14.4,entrepreneur-eur
RC-ORAK-SAPE-3,172.3,member
RC-ORAK-SAPE-3,178.38,member-nok
RC-ORAK-SAPE-3,119.55,member-dkk
RC-ORAK-SAPE-3,16.0,member-eur
RC-ORAK-240307-01,149.26,entrepreneur
RC-ORAK-240307-01,154.53,entrepreneur-nok
RC-ORAK-240307-01,103.56,entrepreneur-dkk
RC-ORAK-240307-01,13.86,entrepreneur-eur
RC-ORAK-240307-01,165.84,member
RC-ORAK-240307-01,171.69,member-nok
RC-ORAK-240307-01,115.07,member-dkk
RC-ORAK-240307-01,15.4,member-eur
RC-ORAK-240902-03,162.83,entrepreneur
RC-ORAK-240902-03,168.57,entrepreneur-nok
RC-ORAK-240902-03,112.98,entrepreneur-dkk
RC-ORAK-240902-03,15.12,entrepreneur-eur
RC-ORAK-240902-03,180.92,member
RC-ORAK-240902-03,187.3,member-nok
RC-ORAK-240902-03,125.53,member-dkk
RC-ORAK-240902-03,16.8,member-eur
RC-ORAK-241001-01,162.83,entrepreneur
RC-ORAK-241001-01,168.57,entrepreneur-nok
RC-ORAK-241001-01,112.98,entrepreneur-dkk
RC-ORAK-241001-01,15.12,entrepreneur-eur
RC-ORAK-241001-01,180.92,member
RC-ORAK-241001-01,187.3,member-nok
RC-ORAK-241001-01,125.53,member-dkk
RC-ORAK-241001-01,16.8,member-eur
RC-ORAK-241109-01,189.97,entrepreneur
RC-ORAK-241109-01,196.67,entrepreneur-nok
RC-ORAK-241109-01,131.81,entrepreneur-dkk
RC-ORAK-241109-01,17.64,entrepreneur-eur
RC-ORAK-241109-01,211.07,member
RC-ORAK-241109-01,218.52,member-nok
RC-ORAK-241109-01,146.45,member-dkk
RC-ORAK-241109-01,19.6,member-eur
RC-ORAK-241109-02,149.26,entrepreneur
RC-ORAK-241109-02,154.53,entrepreneur-nok
RC-ORAK-241109-02,103.56,entrepreneur-dkk
RC-ORAK-241109-02,13.86,entrepreneur-eur
RC-ORAK-241109-02,165.84,member
RC-ORAK-241109-02,171.69,member-nok
RC-ORAK-241109-02,115.07,member-dkk
RC-ORAK-241109-02,15.4,member-eur
RC-ORAK-241204-01,189.97,entrepreneur
RC-ORAK-241204-01,196.67,entrepreneur-nok
RC-ORAK-241204-01,131.81,entrepreneur-dkk
RC-ORAK-241204-01,17.64,entrepreneur-eur
RC-ORAK-241204-01,211.07,member
RC-ORAK-241204-01,218.52,member-nok
RC-ORAK-241204-01,146.45,member-dkk
RC-ORAK-241204-01,19.6,member-eur
RC-ORAK-241204-02,217.1,entrepreneur
RC-ORAK-241204-02,224.76,entrepreneur-nok
RC-ORAK-241204-02,150.64,entrepreneur-dkk
RC-ORAK-241204-02,20.16,entrepreneur-eur
RC-ORAK-241204-02,241.23,member
RC-ORAK-241204-02,249.74,member-nok
RC-ORAK-241204-02,167.37,member-dkk
RC-ORAK-241204-02,22.4,member-eur
RC-ORAK-4700-elegance,87.23,entrepreneur
RC-ORAK-4700-elegance,90.31,entrepreneur-nok
RC-ORAK-4700-elegance,60.52,entrepreneur-dkk
RC-ORAK-4700-elegance,8.1,entrepreneur-eur
RC-ORAK-4700-elegance,96.92,member
RC-ORAK-4700-elegance,100.34,member-nok
RC-ORAK-4700-elegance,67.25,member-dkk
RC-ORAK-4700-elegance,9.0,member-eur
RC-ORAK-3580-City-Square-029,87.23,entrepreneur
RC-ORAK-3580-City-Square-029,90.31,entrepreneur-nok
RC-ORAK-3580-City-Square-029,60.52,entrepreneur-dkk
RC-ORAK-3580-City-Square-029,8.1,entrepreneur-eur
RC-ORAK-3580-City-Square-029,96.92,member
RC-ORAK-3580-City-Square-029,100.34,member-nok
RC-ORAK-3580-City-Square-029,67.25,member-dkk
RC-ORAK-3580-City-Square-029,9.0,member-eur
RC-ORAK-250204-01,244.24,entrepreneur
RC-ORAK-250204-01,252.86,entrepreneur-nok
RC-ORAK-250204-01,169.46,entrepreneur-dkk
RC-ORAK-250204-01,22.68,entrepreneur-eur
RC-ORAK-250204-01,271.38,member
RC-ORAK-250204-01,280.95,member-nok
RC-ORAK-250204-01,188.29,member-dkk
RC-ORAK-250204-01,25.2,member-eur
RC-ORAK-250304-01,149.26,entrepreneur
RC-ORAK-250304-01,154.53,entrepreneur-nok
RC-ORAK-250304-01,103.56,entrepreneur-dkk
RC-ORAK-250304-01,13.86,entrepreneur-eur
RC-ORAK-250304-01,165.84,member
RC-ORAK-250304-01,171.69,member-nok
RC-ORAK-250304-01,115.07,member-dkk
RC-ORAK-250304-01,15.4,member-eur
RC-ORAK-240705-01,162.83,entrepreneur
RC-ORAK-240705-01,168.57,entrepreneur-nok
RC-ORAK-240705-01,112.98,entrepreneur-dkk
RC-ORAK-240705-01,15.12,entrepreneur-eur
RC-ORAK-240705-01,180.92,member
RC-ORAK-240705-01,187.3,member-nok
RC-ORAK-240705-01,125.53,member-dkk
RC-ORAK-240705-01,16.8,member-eur
RC-ORAK-241107-01,162.83,entrepreneur
RC-ORAK-241107-01,168.57,entrepreneur-nok
RC-ORAK-241107-01,112.98,entrepreneur-dkk
RC-ORAK-241107-01,15.12,entrepreneur-eur
RC-ORAK-241107-01,180.92,member
RC-ORAK-241107-01,187.3,member-nok
RC-ORAK-241107-01,125.53,member-dkk
RC-ORAK-241107-01,16.8,member-eur
RC-ORAK-250201-01,189.97,entrepreneur
RC-ORAK-250201-01,196.67,entrepreneur-nok
RC-ORAK-250201-01,131.81,entrepreneur-dkk
RC-ORAK-250201-01,17.64,entrepreneur-eur
RC-ORAK-250201-01,211.07,member
RC-ORAK-250201-01,218.52,member-nok
RC-ORAK-250201-01,146.45,member-dkk
RC-ORAK-250201-01,19.6,member-eur
RC-ORAK-241109-05,162.83,entrepreneur
RC-ORAK-241109-05,168.57,entrepreneur-nok
RC-ORAK-241109-05,112.98,entrepreneur-dkk
RC-ORAK-241109-05,15.12,entrepreneur-eur
RC-ORAK-241109-05,180.92,member
RC-ORAK-241109-05,187.3,member-nok
RC-ORAK-241109-05,125.53,member-dkk
RC-ORAK-241109-05,16.8,member-eur
RC-ORAK-241202-02,189.97,entrepreneur
RC-ORAK-241202-02,196.67,entrepreneur-nok
RC-ORAK-241202-02,131.81,entrepreneur-dkk
RC-ORAK-241202-02,17.64,entrepreneur-eur
RC-ORAK-241202-02,211.07,member
RC-ORAK-241202-02,218.52,member-nok
RC-ORAK-241202-02,146.45,member-dkk
RC-ORAK-241202-02,19.6,member-eur
RC-ORAK-241202-05,189.97,entrepreneur
RC-ORAK-241202-05,196.67,entrepreneur-nok
RC-ORAK-241202-05,131.81,entrepreneur-dkk
RC-ORAK-241202-05,17.64,entrepreneur-eur
RC-ORAK-241202-05,211.07,member
RC-ORAK-241202-05,218.52,member-nok
RC-ORAK-241202-05,146.45,member-dkk
RC-ORAK-241202-05,19.6,member-eur
RC-ORAK-241202-07,189.97,entrepreneur
RC-ORAK-241202-07,196.67,entrepreneur-nok
RC-ORAK-241202-07,131.81,entrepreneur-dkk
RC-ORAK-241202-07,17.64,entrepreneur-eur
RC-ORAK-241202-07,211.07,member
RC-ORAK-241202-07,218.52,member-nok
RC-ORAK-241202-07,146.45,member-dkk
RC-ORAK-241202-07,19.6,member-eur
RC-ORAK-250101-01,162.83,entrepreneur
RC-ORAK-250101-01,168.57,entrepreneur-nok
RC-ORAK-250101-01,112.98,entrepreneur-dkk
RC-ORAK-250101-01,15.12,entrepreneur-eur
RC-ORAK-250101-01,180.92,member
RC-ORAK-250101-01,187.3,member-nok
RC-ORAK-250101-01,125.53,member-dkk
RC-ORAK-250101-01,16.8,member-eur
RC-ORAK-250111-02,244.24,entrepreneur
RC-ORAK-250111-02,252.86,entrepreneur-nok
RC-ORAK-250111-02,169.46,entrepreneur-dkk
RC-ORAK-250111-02,22.68,entrepreneur-eur
RC-ORAK-250111-02,271.38,member
RC-ORAK-250111-02,280.95,member-nok
RC-ORAK-250111-02,188.29,member-dkk
RC-ORAK-250111-02,25.2,member-eur
RC-ORAK-250111-03,244.24,entrepreneur
RC-ORAK-250111-03,252.86,entrepreneur-nok
RC-ORAK-250111-03,169.46,entrepreneur-dkk
RC-ORAK-250111-03,22.68,entrepreneur-eur
RC-ORAK-250111-03,271.38,member
RC-ORAK-250111-03,280.95,member-nok
RC-ORAK-250111-03,188.29,member-dkk
RC-ORAK-250111-03,25.2,member-eur
RC-ORAK-250202-02,244.24,entrepreneur
RC-ORAK-250202-02,252.86,entrepreneur-nok
RC-ORAK-250202-02,169.46,entrepreneur-dkk
RC-ORAK-250202-02,22.68,entrepreneur-eur
RC-ORAK-250202-02,271.38,member
RC-ORAK-250202-02,280.95,member-nok
RC-ORAK-250202-02,188.29,member-dkk
RC-ORAK-250202-02,25.2,member-eur
RC-ORAK-250306-01,176.4,entrepreneur
RC-ORAK-250306-01,182.62,entrepreneur-nok
RC-ORAK-250306-01,122.39,entrepreneur-dkk
RC-ORAK-250306-01,16.38,entrepreneur-eur
RC-ORAK-250306-01,196.0,member
RC-ORAK-250306-01,202.91,member-nok
RC-ORAK-250306-01,135.99,member-dkk
RC-ORAK-250306-01,18.2,member-eur
RC-ORAK-2312005-2,208.38,entrepreneur
RC-ORAK-2312005-2,215.73,entrepreneur-nok
RC-ORAK-2312005-2,144.58,entrepreneur-dkk
RC-ORAK-2312005-2,19.35,entrepreneur-eur
RC-ORAK-2312005-2,231.53,member
RC-ORAK-2312005-2,239.7,member-nok
RC-ORAK-2312005-2,160.65,member-dkk
RC-ORAK-2312005-2,21.5,member-eur
RC-ORAK-250501-01,244.24,entrepreneur
RC-ORAK-250501-01,252.86,entrepreneur-nok
RC-ORAK-250501-01,169.46,entrepreneur-dkk
RC-ORAK-250501-01,22.68,entrepreneur-eur
RC-ORAK-250501-01,271.38,member
RC-ORAK-250501-01,280.95,member-nok
RC-ORAK-250501-01,188.29,member-dkk
RC-ORAK-250501-01,25.2,member-eur
RC-ORAK-250404-02,244.24,entrepreneur
RC-ORAK-250404-02,252.86,entrepreneur-nok
RC-ORAK-250404-02,169.46,entrepreneur-dkk
RC-ORAK-250404-02,22.68,entrepreneur-eur
RC-ORAK-250404-02,271.38,member
RC-ORAK-250404-02,280.95,member-nok
RC-ORAK-250404-02,188.29,member-dkk
RC-ORAK-250404-02,25.2,member-eur
RC-ORAK-250401-01,217.1,entrepreneur
RC-ORAK-250401-01,224.76,entrepreneur-nok
RC-ORAK-250401-01,150.64,entrepreneur-dkk
RC-ORAK-250401-01,20.16,entrepreneur-eur
RC-ORAK-250401-01,241.23,member
RC-ORAK-250401-01,249.74,member-nok
RC-ORAK-250401-01,167.37,member-dkk
RC-ORAK-250401-01,22.4,member-eur
RC-ORAK-250401-02,217.1,entrepreneur
RC-ORAK-250401-02,224.76,entrepreneur-nok
RC-ORAK-250401-02,150.64,entrepreneur-dkk
RC-ORAK-250401-02,20.16,entrepreneur-eur
RC-ORAK-250401-02,241.23,member
RC-ORAK-250401-02,249.74,member-nok
RC-ORAK-250401-02,167.37,member-dkk
RC-ORAK-250401-02,22.4,member-eur
RC-ORAK-250305-01,203.53,entrepreneur
RC-ORAK-250305-01,210.72,entrepreneur-nok
RC-ORAK-250305-01,141.22,entrepreneur-dkk
RC-ORAK-250305-01,18.9,entrepreneur-eur
RC-ORAK-250305-01,226.15,member
RC-ORAK-250305-01,234.13,member-nok
RC-ORAK-250305-01,156.91,member-dkk
RC-ORAK-250305-01,21.0,member-eur
RC-ORAK-250604-01,217.1,entrepreneur
RC-ORAK-250604-01,224.76,entrepreneur-nok
RC-ORAK-250604-01,150.64,entrepreneur-dkk
RC-ORAK-250604-01,20.16,entrepreneur-eur
RC-ORAK-250604-01,241.23,member
RC-ORAK-250604-01,249.74,member-nok
RC-ORAK-250604-01,167.37,member-dkk
RC-ORAK-250604-01,22.4,member-eur
RC-ORAK-250402-02,251.99,entrepreneur
RC-ORAK-250402-02,260.89,entrepreneur-nok
RC-ORAK-250402-02,174.84,entrepreneur-dkk
RC-ORAK-250402-02,23.4,entrepreneur-eur
RC-ORAK-250402-02,279.99,member
RC-ORAK-250402-02,289.87,member-nok
RC-ORAK-250402-02,194.27,member-dkk
RC-ORAK-250402-02,26.0,member-eur
RC-ORAK-250402-03,217.1,entrepreneur
RC-ORAK-250402-03,224.76,entrepreneur-nok
RC-ORAK-250402-03,150.64,entrepreneur-dkk
RC-ORAK-250402-03,20.16,entrepreneur-eur
RC-ORAK-250402-03,241.23,member
RC-ORAK-250402-03,249.74,member-nok
RC-ORAK-250402-03,167.37,member-dkk
RC-ORAK-250402-03,22.4,member-eur
RC-ORAK-250605-01,189.97,entrepreneur
RC-ORAK-250605-01,196.67,entrepreneur-nok
RC-ORAK-250605-01,131.81,entrepreneur-dkk
RC-ORAK-250605-01,17.64,entrepreneur-eur
RC-ORAK-250605-01,211.07,member
RC-ORAK-250605-01,218.52,member-nok
RC-ORAK-250605-01,146.45,member-dkk
RC-ORAK-250605-01,19.6,member-eur
RC-ORAK-250402-01,237.46,entrepreneur
RC-ORAK-250402-01,245.84,entrepreneur-nok
RC-ORAK-250402-01,164.76,entrepreneur-dkk
RC-ORAK-250402-01,22.05,entrepreneur-eur
RC-ORAK-250402-01,263.84,member
RC-ORAK-250402-01,273.15,member-nok
RC-ORAK-250402-01,183.06,member-dkk
RC-ORAK-250402-01,24.5,member-eur
RC-ORAK-250402-04,253.93,entrepreneur
RC-ORAK-250402-04,262.89,entrepreneur-nok
RC-ORAK-250402-04,176.19,entrepreneur-dkk
RC-ORAK-250402-04,23.58,entrepreneur-eur
RC-ORAK-250402-04,282.15,member
RC-ORAK-250402-04,292.1,member-nok
RC-ORAK-250402-04,195.77,member-dkk
RC-ORAK-250402-04,26.2,member-eur
RC-ORAK-250702-01,189.97,entrepreneur
RC-ORAK-250702-01,196.67,entrepreneur-nok
RC-ORAK-250702-01,131.81,entrepreneur-dkk
RC-ORAK-250702-01,17.64,entrepreneur-eur
RC-ORAK-250702-01,211.07,member
RC-ORAK-250702-01,218.52,member-nok
RC-ORAK-250702-01,146.45,member-dkk
RC-ORAK-250702-01,19.6,member-eur
RC-ORAK-250702-02,189.97,entrepreneur
RC-ORAK-250702-02,196.67,entrepreneur-nok
RC-ORAK-250702-02,131.81,entrepreneur-dkk
RC-ORAK-250702-02,17.64,entrepreneur-eur
RC-ORAK-250702-02,211.07,member
RC-ORAK-250702-02,218.52,member-nok
RC-ORAK-250702-02,146.45,member-dkk
RC-ORAK-250702-02,19.6,member-eur
RC-ORAK-250702-03,189.97,entrepreneur
RC-ORAK-250702-03,196.67,entrepreneur-nok
RC-ORAK-250702-03,131.81,entrepreneur-dkk
RC-ORAK-250702-03,17.64,entrepreneur-eur
RC-ORAK-250702-03,211.07,member
RC-ORAK-250702-03,218.52,member-nok
RC-ORAK-250702-03,146.45,member-dkk
RC-ORAK-250702-03,19.6,member-eur
RC-ORAK-250707-01,244.24,entrepreneur
RC-ORAK-250707-01,252.86,entrepreneur-nok
RC-ORAK-250707-01,169.46,entrepreneur-dkk
RC-ORAK-250707-01,22.68,entrepreneur-eur
RC-ORAK-250707-01,271.38,member
RC-ORAK-250707-01,280.95,member-nok
RC-ORAK-250707-01,188.29,member-dkk
RC-ORAK-250707-01,25.2,member-eur
RC-ORAK-250603-01,176.4,entrepreneur
RC-ORAK-250603-01,182.62,entrepreneur-nok
RC-ORAK-250603-01,122.39,entrepreneur-dkk
RC-ORAK-250603-01,16.38,entrepreneur-eur
RC-ORAK-250603-01,196.0,member
RC-ORAK-250603-01,202.91,member-nok
RC-ORAK-250603-01,135.99,member-dkk
RC-ORAK-250603-01,18.2,member-eur
RC-ORAK-250706-01,189.97,entrepreneur
RC-ORAK-250706-01,196.67,entrepreneur-nok
RC-ORAK-250706-01,131.81,entrepreneur-dkk
RC-ORAK-250706-01,17.64,entrepreneur-eur
RC-ORAK-250706-01,211.07,member
RC-ORAK-250706-01,218.52,member-nok
RC-ORAK-250706-01,146.45,member-dkk
RC-ORAK-250706-01,19.6,member-eur
RC-ORAK-250802-01,244.24,entrepreneur
RC-ORAK-250802-01,252.86,entrepreneur-nok
RC-ORAK-250802-01,169.46,entrepreneur-dkk
RC-ORAK-250802-01,22.68,entrepreneur-eur
RC-ORAK-250802-01,271.38,member
RC-ORAK-250802-01,280.95,member-nok
RC-ORAK-250802-01,188.29,member-dkk
RC-ORAK-250802-01,25.2,member-eur
RC-ORAK-250805-01,271.38,entrepreneur
RC-ORAK-250805-01,280.95,entrepreneur-nok
RC-ORAK-250805-01,188.29,entrepreneur-dkk
RC-ORAK-250805-01,25.2,entrepreneur-eur
RC-ORAK-250805-01,301.53,member
RC-ORAK-250805-01,312.17,member-nok
RC-ORAK-250805-01,209.22,member-dkk
RC-ORAK-250805-01,28.0,member-eur
RC-ORAK-250806-01,189.97,entrepreneur
RC-ORAK-250806-01,196.67,entrepreneur-nok
RC-ORAK-250806-01,131.81,entrepreneur-dkk
RC-ORAK-250806-01,17.64,entrepreneur-eur
RC-ORAK-250806-01,211.07,member
RC-ORAK-250806-01,218.52,member-nok
RC-ORAK-250806-01,146.45,member-dkk
RC-ORAK-250806-01,19.6,member-eur
RC-ORAK-250902-01,189.97,entrepreneur
RC-ORAK-250902-01,196.67,entrepreneur-nok
RC-ORAK-250902-01,131.81,entrepreneur-dkk
RC-ORAK-250902-01,17.64,entrepreneur-eur
RC-ORAK-250902-01,211.07,member
RC-ORAK-250902-01,218.52,member-nok
RC-ORAK-250902-01,146.45,member-dkk
RC-ORAK-250902-01,19.6,member-eur
RC-ORAK-250904-01,217.1,entrepreneur
RC-ORAK-250904-01,224.76,entrepreneur-nok
RC-ORAK-250904-01,150.64,entrepreneur-dkk
RC-ORAK-250904-01,20.16,entrepreneur-eur
RC-ORAK-250904-01,241.23,member
RC-ORAK-250904-01,249.74,member-nok
RC-ORAK-250904-01,167.37,member-dkk
RC-ORAK-250904-01,22.4,member-eur
RC-ORAK-251003-01,244.24,entrepreneur
RC-ORAK-251003-01,252.86,entrepreneur-nok
RC-ORAK-251003-01,169.46,entrepreneur-dkk
RC-ORAK-251003-01,22.68,entrepreneur-eur
RC-ORAK-251003-01,271.38,member
RC-ORAK-251003-01,280.95,member-nok
RC-ORAK-251003-01,188.29,member-dkk
RC-ORAK-251003-01,25.2,member-eur
RC-ORAK-241203-01,217.1,entrepreneur
RC-ORAK-241203-01,224.76,entrepreneur-nok
RC-ORAK-241203-01,150.64,entrepreneur-dkk
RC-ORAK-241203-01,20.16,entrepreneur-eur
RC-ORAK-241203-01,241.23,member
RC-ORAK-241203-01,249.74,member-nok
RC-ORAK-241203-01,167.37,member-dkk
RC-ORAK-241203-01,22.4,member-eur
RC-ORAK-251101-01,162.83,entrepreneur
RC-ORAK-251101-01,168.57,entrepreneur-nok
RC-ORAK-251101-01,112.98,entrepreneur-dkk
RC-ORAK-251101-01,15.12,entrepreneur-eur
RC-ORAK-251101-01,180.92,member
RC-ORAK-251101-01,187.3,member-nok
RC-ORAK-251101-01,125.53,member-dkk
RC-ORAK-251101-01,16.8,member-eur
RC-ORAK-250304-02,244.24,entrepreneur
RC-ORAK-250304-02,252.86,entrepreneur-nok
RC-ORAK-250304-02,169.46,entrepreneur-dkk
RC-ORAK-250304-02,22.68,entrepreneur-eur
RC-ORAK-250304-02,271.38,member
RC-ORAK-250304-02,280.95,member-nok
RC-ORAK-250304-02,188.29,member-dkk
RC-ORAK-250304-02,25.2,member-eur
RC-ORAK-250502-01,217.1,entrepreneur
RC-ORAK-250502-01,224.76,entrepreneur-nok
RC-ORAK-250502-01,150.64,entrepreneur-dkk
RC-ORAK-250502-01,20.16,entrepreneur-eur
RC-ORAK-250502-01,241.23,member
RC-ORAK-250502-01,249.74,member-nok
RC-ORAK-250502-01,167.37,member-dkk
RC-ORAK-250502-01,22.4,member-eur
RC-ORAK-250502-02,189.97,entrepreneur
RC-ORAK-250502-02,196.67,entrepreneur-nok
RC-ORAK-250502-02,131.81,entrepreneur-dkk
RC-ORAK-250502-02,17.64,entrepreneur-eur
RC-ORAK-250502-02,211.07,member
RC-ORAK-250502-02,218.52,member-nok
RC-ORAK-250502-02,146.45,member-dkk
RC-ORAK-250502-02,19.6,member-eur
RC-ORAK-251005-01,244.24,entrepreneur
RC-ORAK-251005-01,252.86,entrepreneur-nok
RC-ORAK-251005-01,169.46,entrepreneur-dkk
RC-ORAK-251005-01,22.68,entrepreneur-eur
RC-ORAK-251005-01,271.38,member
RC-ORAK-251005-01,280.95,member-nok
RC-ORAK-251005-01,188.29,member-dkk
RC-ORAK-251005-01,25.2,member-eur
RC-ORAK-251202-01,244.24,entrepreneur
RC-ORAK-251202-01,252.86,entrepreneur-nok
RC-ORAK-251202-01,169.46,entrepreneur-dkk
RC-ORAK-251202-01,22.68,entrepreneur-eur
RC-ORAK-251202-01,271.38,member
RC-ORAK-251202-01,280.95,member-nok
RC-ORAK-251202-01,188.29,member-dkk
RC-ORAK-251202-01,25.2,member-eur
RC-ORAK-251204-01,189.97,entrepreneur
RC-ORAK-251204-01,196.67,entrepreneur-nok
RC-ORAK-251204-01,131.81,entrepreneur-dkk
RC-ORAK-251204-01,17.64,entrepreneur-eur
RC-ORAK-251204-01,211.07,member
RC-ORAK-251204-01,218.52,member-nok
RC-ORAK-251204-01,146.45,member-dkk
RC-ORAK-251204-01,19.6,member-eur
RC-ORAK-250301-01,199.66,entrepreneur
RC-ORAK-250301-01,206.7,entrepreneur-nok
RC-ORAK-250301-01,138.53,entrepreneur-dkk
RC-ORAK-250301-01,18.54,entrepreneur-eur
RC-ORAK-250301-01,221.84,member
RC-ORAK-250301-01,229.67,member-nok
RC-ORAK-250301-01,153.92,member-dkk
RC-ORAK-250301-01,20.6,member-eur
RC-ORAK-260104-01,244.24,entrepreneur
RC-ORAK-260104-01,252.86,entrepreneur-nok
RC-ORAK-260104-01,169.46,entrepreneur-dkk
RC-ORAK-260104-01,22.68,entrepreneur-eur
RC-ORAK-260104-01,271.38,member
RC-ORAK-260104-01,280.95,member-nok
RC-ORAK-260104-01,188.29,member-dkk
RC-ORAK-260104-01,25.2,member-eur
